ISO_3_Code,Country_Name,WHO_Region,Year,Vaccine_code,Description,Intro
ABW,Aruba,AMR,,ROTA,Rotavirus vaccine,NO
ABW,Aruba,AMR,2010.0,PCV,Pneumococcal conjugate vaccine,YES
ABW,Aruba,AMR,2020.0,HPV,Human papillomavirus vaccine,YES
ABW,Aruba,AMR,2012.0,HEPB_BD,Hepatitis B birth dose,YES
ABW,Aruba,AMR,,IPV,Inactivated polio vaccine,NO
ABW,Aruba,AMR,,YF,Yellow fever vaccine,NO
ABW,Aruba,AMR,2023.0,RCV1,"Rubella-containing vaccine, 1st dose",YES
AFG,Afghanistan,EMR,2012.0,ROTA,Rotavirus vaccine,YES
AFG,Afghanistan,EMR,,PCV,Pneumococcal conjugate vaccine,NO
AFG,Afghanistan,EMR,2008.0,HPV,Human papillomavirus vaccine,YES
AFG,Afghanistan,EMR,,HEPB_BD,Hepatitis B birth dose,NO
AFG,Afghanistan,EMR,2010.0,IPV,Inactivated polio vaccine,YES
AFG,Afghanistan,EMR,2005.0,RCV1,"Rubella-containing vaccine, 1st dose",YES
AGO,Angola,AFR,2020.0,ROTA,Rotavirus vaccine,YES
AGO,Angola,AFR,2019.0,PCV,Pneumococcal conjugate vaccine,YES
AGO,Angola,AFR,,HPV,Human papillomavirus vaccine,NO
AGO,Angola,AFR,2001.0,HEPB_BD,Hepatitis B birth dose,YES
AGO,Angola,AFR,,IPV,Inactivated polio vaccine,NO
AGO,Angola,AFR,,MENA,Meningococcal A conjugate vaccine,NO
AGO,Angola,AFR,2023.0,YF,Yellow fever vaccine,YES
AGO,Angola,AFR,2011.0,RCV1,"Rubella-containing vaccine, 1st dose",YES
AIA,Anguilla,AMR,2001.0,ROTA,Rotavirus vaccine,YES
AIA,Anguilla,AMR,2022.0,PCV,Pneumococcal conjugate vaccine,YES
AIA,Anguilla,AMR,,HPV,Human papillomavirus vaccine,NO
AIA,Anguilla,AMR,2017.0,HEPB_BD,Hepatitis B birth dose,YES
AIA,Anguilla,AMR,2001.0,IPV,Inactivated polio vaccine,YES
AIA,Anguilla,AMR,2011.0,YF,Yellow fever vaccine,YES
AIA,Anguilla,AMR,2016.0,RCV1,"Rubella-containing vaccine, 1st dose",YES
ALB,Albania,EUR,2011.0,ROTA,Rotavirus vaccine,YES
ALB,Albania,EUR,2022.0,PCV,Pneumococcal conjugate vaccine,YES
ALB,Albania,EUR,,HPV,Human papillomavirus vaccine,NO
ALB,Albania,EUR,2010.0,HEPB_BD,Hepatitis B birth dose,YES
ALB,Albania,EUR,2018.0,IPV,Inactivated polio vaccine,YES
ALB,Albania,EUR,,RCV1,"Rubella-containing vaccine, 1st dose",NO
AND,Andorra,EUR,2019.0,ROTA,Rotavirus vaccine,YES
AND,Andorra,EUR,2005.0,PCV,Pneumococcal conjugate vaccine,YES
AND,Andorra,EUR,2016.0,HPV,Human papillomavirus vaccine,YES
AND,Andorra,EUR,2019.0,HEPB_BD,Hepatitis B birth dose,YES
AND,Andorra,EUR,,IPV,Inactivated polio vaccine,NO
AND,Andorra,EUR,2000.0,RCV1,"Rubella-containing vaccine, 1st dose",YES
ARE,United Arab Emirates,EMR,2006.0,ROTA,Rotavirus vaccine,YES
ARE,United Arab Emirates,EMR,2018.0,PCV,Pneumococcal conjugate vaccine,YES
ARE,United Arab Emirates,EMR,2000.0,HPV,Human papillomavirus vaccine,YES
ARE,United Arab Emirates,EMR,2003.0,HEPB_BD,Hepatitis B birth dose,YES
ARE,United Arab Emirates,EMR,2015.0,IPV,Inactivated polio vaccine,YES
ARE,United Arab Emirates,EMR,2011.0,RCV1,"Rubella-containing vaccine, 1st dose",YES
ARG,Argentina,AMR,,ROTA,Rotavirus vaccine,NO
ARG,Argentina,AMR,2013.0,PCV,Pneumococcal conjugate vaccine,YES
ARG,Argentina,AMR,2013.0,HPV,Human papillomavirus vaccine,YES
ARG,Argentina,AMR,2014.0,HEPB_BD,Hepatitis B birth dose,YES
ARG,Argentina,AMR,2000.0,IPV,Inactivated polio vaccine,YES
ARG,Argentina,AMR,2006.0,YF,Yellow fever vaccine,YES
ARG,Argentina,AMR,,RCV1,"Rubella-containing vaccine, 1st dose",NO
ARM,Armenia,EUR,2009.0,ROTA,Rotavirus vaccine,YES
ARM,Armenia,EUR,2020.0,PCV,Pneumococcal conjugate vaccine,YES
ARM,Armenia,EUR,2006.0,HPV,Human papillomavirus vaccine,YES
ARM,Armenia,EUR,2003.0,HEPB_BD,Hepatitis B birth dose,YES
ARM,Armenia,EUR,,IPV,Inactivated polio vaccine,NO
ARM,Armenia,EUR,2013.0,RCV1,"Rubella-containing vaccine, 1st dose",YES
ASM,American Samoa,WPR,2010.0,ROTA,Rotavirus vaccine,YES
ASM,American Samoa,WPR,2019.0,PCV,Pneumococcal conjugate vaccine,YES
ASM,American Samoa,WPR,2002.0,HPV,Human papillomavirus vaccine,YES
ASM,American Samoa,WPR,,HEPB_BD,Hepatitis B birth dose,NO
ASM,American Samoa,WPR,2002.0,IPV,Inactivated polio vaccine,YES
ASM,American Samoa,WPR,2021.0,JE,Japanese encephalitis vaccine,YES
ASM,American Samoa,WPR,2012.0,RCV1,"Rubella-containing vaccine, 1st dose",YES
ATG,Antigua and Barbuda,AMR,2011.0,ROTA,Rotavirus vaccine,YES
ATG,Antigua and Barbuda,AMR,2010.0,PCV,Pneumococcal conjugate vaccine,YES
ATG,Antigua and Barbuda,AMR,2016.0,HPV,Human papillomavirus vaccine,YES
ATG,Antigua and Barbuda,AMR,2015.0,HEPB_BD,Hepatitis B birth dose,YES
ATG,Antigua and Barbuda,AMR,2008.0,IPV,Inactivated polio vaccine,YES
ATG,Antigua and Barbuda,AMR,,YF,Yellow fever vaccine,NO
ATG,Antigua and Barbuda,AMR,,RCV1,"Rubella-containing vaccine, 1st dose",NO
AUS,Australia,WPR,2002.0,ROTA,Rotavirus vaccine,YES
AUS,Australia,WPR,2018.0,PCV,Pneumococcal conjugate vaccine,YES
AUS,Australia,WPR,,HPV,Human papillomavirus vaccine,NO
AUS,Australia,WPR,2023.0,HEPB_BD,Hepatitis B birth dose,YES
AUS,Australia,WPR,2017.0,IPV,Inactivated polio vaccine,YES
AUS,Australia,WPR,2006.0,JE,Japanese encephalitis vaccine,YES
AUS,Australia,WPR,,RCV1,"Rubella-containing vaccine, 1st dose",NO
AUT,Austria,EUR,2016.0,ROTA,Rotavirus vaccine,YES
AUT,Austria,EUR,2004.0,PCV,Pneumococcal conjugate vaccine,YES
AUT,Austria,EUR,2013.0,HPV,Human papillomavirus vaccine,YES
AUT,Austria,EUR,,HEPB_BD,Hepatitis B birth dose,NO
AUT,Austria,EUR,,IPV,Inactivated polio vaccine,NO
AUT,Austria,EUR,2004.0,RCV1,"Rubella-containing vaccine, 1st dose",YES
AZE,Azerbaijan,EUR,2007.0,ROTA,Rotavirus vaccine,YES
AZE,Azerbaijan,EUR,2015.0,PCV,Pneumococcal conjugate vaccine,YES
AZE,Azerbaijan,EUR,2015.0,HPV,Human papillomavirus vaccine,YES
AZE,Azerbaijan,EUR,2002.0,HEPB_BD,Hepatitis B birth dose,YES
AZE,Azerbaijan,EUR,2004.0,IPV,Inactivated polio vaccine,YES
AZE,Azerbaijan,EUR,2011.0,RCV1,"Rubella-containing vaccine, 1st dose",YES
BDI,Burundi,AFR,2016.0,ROTA,Rotavirus vaccine,YES
BDI,Burundi,AFR,2002.0,PCV,Pneumococcal conjugate vaccine,YES
BDI,Burundi,AFR,2007.0,HPV,Human papillomavirus vaccine,YES
BDI,Burundi,AFR,2022.0,HEPB_BD,Hepatitis B birth dose,YES
BDI,Burundi,AFR,2014.0,IPV,Inactivated polio vaccine,YES
BDI,Burundi,AFR,2014.0,MENA,Meningococcal A conjugate vaccine,YES
BDI,Burundi,AFR,,YF,Yellow fever vaccine,NO
BDI,Burundi,AFR,2011.0,RCV1,"Rubella-containing vaccine, 1st dose",YES
BEL,Belgium,EUR,2018.0,ROTA,Rotavirus vaccine,YES
BEL,Belgium,EUR,2016.0,PCV,Pneumococcal conjugate vaccine,YES
BEL,Belgium,EUR,,HPV,Human papillomavirus vaccine,NO
BEL,Belgium,EUR,2011.0,HEPB_BD,Hepatitis B birth dose,YES
BEL,Belgium,EUR,2019.0,IPV,Inactivated polio vaccine,YES
BEL,Belgium,EUR,2006.0,RCV1,"Rubella-containing vaccine, 1st dose",YES
BEN,Benin,AFR,2020.0,ROTA,Rotavirus vaccine,YES
BEN,Benin,AFR,2010.0,PCV,Pneumococcal conjugate vaccine,YES
BEN,Benin,AFR,,HPV,Human papillomavirus vaccine,NO
BEN,Benin,AFR,,HEPB_BD,Hepatitis B birth dose,NO
BEN,Benin,AFR,2007.0,IPV,Inactivated polio vaccine,YES
BEN,Benin,AFR,2013.0,MENA,Meningococcal A conjugate vaccine,YES
BEN,Benin,AFR,2002.0,YF,Yellow fever vaccine,YES
BEN,Benin,AFR,2006.0,RCV1,"Rubella-containing vaccine, 1st dose",YES
BES,"Bonaire, Saint Eustatius and Saba",AMR,,ROTA,Rotavirus vaccine,NO
BES,"Bonaire, Saint Eustatius and Saba",AMR,,PCV,Pneumococcal conjugate vaccine,NO
BES,"Bonaire, Saint Eustatius and Saba",AMR,2014.0,HPV,Human papillomavirus vaccine,YES
BES,"Bonaire, Saint Eustatius and Saba",AMR,2021.0,HEPB_BD,Hepatitis B birth dose,YES
BES,"Bonaire, Saint Eustatius and Saba",AMR,2003.0,IPV,Inactivated polio vaccine,YES
BES,"Bonaire, Saint Eustatius and Saba",AMR,2013.0,YF,Yellow fever vaccine,YES
BES,"Bonaire, Saint Eustatius and Saba",AMR,,RCV1,"Rubella-containing vaccine, 1st dose",NO
BFA,Burkina Faso,AFR,,ROTA,Rotavirus vaccine,NO
BFA,Burkina Faso,AFR,2004.0,PCV,Pneumococcal conjugate vaccine,YES
BFA,Burkina Faso,AFR,2022.0,HPV,Human papillomavirus vaccine,YES
BFA,Burkina Faso,AFR,2021.0,HEPB_BD,Hepatitis B birth dose,YES
BFA,Burkina Faso,AFR,,IPV,Inactivated polio vaccine,NO
BFA,Burkina Faso,AFR,2006.0,MENA,Meningococcal A conjugate vaccine,YES
BFA,Burkina Faso,AFR,2007.0,YF,Yellow fever vaccine,YES
BFA,Burkina Faso,AFR,,RCV1,"Rubella-containing vaccine, 1st dose",NO
BGD,Bangladesh,SEAR,,ROTA,Rotavirus vaccine,NO
BGD,Bangladesh,SEAR,,PCV,Pneumococcal conjugate vaccine,NO
BGD,Bangladesh,SEAR,,HPV,Human papillomavirus vaccine,NO
BGD,Bangladesh,SEAR,,HEPB_BD,Hepatitis B birth dose,NO
BGD,Bangladesh,SEAR,2010.0,IPV,Inactivated polio vaccine,YES
BGD,Bangladesh,SEAR,2000.0,JE,Japanese encephalitis vaccine,YES
BGD,Bangladesh,SEAR,2018.0,RCV1,"Rubella-containing vaccine, 1st dose",YES
BGR,Bulgaria,EUR,2021.0,ROTA,Rotavirus vaccine,YES
BGR,Bulgaria,EUR,,PCV,Pneumococcal conjugate vaccine,NO
BGR,Bulgaria,EUR,2002.0,HPV,Human papillomavirus vaccine,YES
BGR,Bulgaria,EUR,,HEPB_BD,Hepatitis B birth dose,NO
BGR,Bulgaria,EUR,2000.0,IPV,Inactivated polio vaccine,YES
BGR,Bulgaria,EUR,,RCV1,"Rubella-containing vaccine, 1st dose",NO
BHR,Bahrain,EMR,2002.0,ROTA,Rotavirus vaccine,YES
BHR,Bahrain,EMR,2008.0,PCV,Pneumococcal conjugate vaccine,YES
BHR,Bahrain,EMR,,HPV,Human papillomavirus vaccine,NO
BHR,Bahrain,EMR,2014.0,HEPB_BD,Hepatitis B birth dose,YES
BHR,Bahrain,EMR,2023.0,IPV,Inactivated polio vaccine,YES
BHR,Bahrain,EMR,,RCV1,"Rubella-containing vaccine, 1st dose",NO
BHS,Bahamas,AMR,2018.0,ROTA,Rotavirus vaccine,YES
BHS,Bahamas,AMR,2022.0,PCV,Pneumococcal conjugate vaccine,YES
BHS,Bahamas,AMR,2000.0,HPV,Human papillomavirus vaccine,YES
BHS,Bahamas,AMR,2000.0,HEPB_BD,Hepatitis B birth dose,YES
BHS,Bahamas,AMR,2016.0,IPV,Inactivated polio vaccine,YES
BHS,Bahamas,AMR,2022.0,YF,Yellow fever vaccine,YES
BHS,Bahamas,AMR,2016.0,RCV1,"Rubella-containing vaccine, 1st dose",YES
BIH,Bosnia and Herzegovina,EUR,2020.0,ROTA,Rotavirus vaccine,YES
BIH,Bosnia and Herzegovina,EUR,2019.0,PCV,Pneumococcal conjugate vaccine,YES
BIH,Bosnia and Herzegovina,EUR,,HPV,Human papillomavirus vaccine,NO
BIH,Bosnia and Herzegovina,EUR,2010.0,HEPB_BD,Hepatitis B birth dose,YES
BIH,Bosnia and Herzegovina,EUR,,IPV,Inactivated polio vaccine,NO
BIH,Bosnia and Herzegovina,EUR,2002.0,RCV1,"Rubella-containing vaccine, 1st dose",YES
BLR,Belarus,EUR,2003.0,ROTA,Rotavirus vaccine,YES
BLR,Belarus,EUR,2011.0,PCV,Pneumococcal conjugate vaccine,YES
BLR,Belarus,EUR,,HPV,Human papillomavirus vaccine,NO
BLR,Belarus,EUR,2023.0,HEPB_BD,Hepatitis B birth dose,YES
BLR,Belarus,EUR,2022.0,IPV,Inactivated polio vaccine,YES
BLR,Belarus,EUR,2003.0,RCV1,"Rubella-containing vaccine, 1st dose",YES
BLZ,Belize,AMR,2015.0,ROTA,Rotavirus vaccine,YES
BLZ,Belize,AMR,2017.0,PCV,Pneumococcal conjugate vaccine,YES
BLZ,Belize,AMR,,HPV,Human papillomavirus vaccine,NO
BLZ,Belize,AMR,2010.0,HEPB_BD,Hepatitis B birth dose,YES
BLZ,Belize,AMR,,IPV,Inactivated polio vaccine,NO
BLZ,Belize,AMR,,YF,Yellow fever vaccine,NO
BLZ,Belize,AMR,2015.0,RCV1,"Rubella-containing vaccine, 1st dose",YES
BMU,Bermuda,AMR,2018.0,ROTA,Rotavirus vaccine,YES
BMU,Bermuda,AMR,2006.0,PCV,Pneumococcal conjugate vaccine,YES
BMU,Bermuda,AMR,,HPV,Human papillomavirus vaccine,NO
BMU,Bermuda,AMR,2019.0,HEPB_BD,Hepatitis B birth dose,YES
BMU,Bermuda,AMR,2018.0,IPV,Inactivated polio vaccine,YES
BMU,Bermuda,AMR,,YF,Yellow fever vaccine,NO
BMU,Bermuda,AMR,2014.0,RCV1,"Rubella-containing vaccine, 1st dose",YES
BOL,Bolivia (Plurinational State of),AMR,2002.0,ROTA,Rotavirus vaccine,YES
BOL,Bolivia (Plurinational State of),AMR,2008.0,PCV,Pneumococcal conjugate vaccine,YES
BOL,Bolivia (Plurinational State of),AMR,2023.0,HPV,Human papillomavirus vaccine,YES
BOL,Bolivia (Plurinational State of),AMR,2020.0,HEPB_BD,Hepatitis B birth dose,YES
BOL,Bolivia (Plurinational State of),AMR,2006.0,IPV,Inactivated polio vaccine,YES
BOL,Bolivia (Plurinational State of),AMR,,YF,Yellow fever vaccine,NO
BOL,Bolivia (Plurinational State of),AMR,,RCV1,"Rubella-containing vaccine, 1st dose",NO
BRA,Brazil,AMR,2005.0,ROTA,Rotavirus vaccine,YES
BRA,Brazil,AMR,2011.0,PCV,Pneumococcal conjugate vaccine,YES
BRA,Brazil,AMR,2014.0,HPV,Human papillomavirus vaccine,YES
BRA,Brazil,AMR,,HEPB_BD,Hepatitis B birth dose,NO
BRA,Brazil,AMR,2022.0,IPV,Inactivated polio vaccine,YES
BRA,Brazil,AMR,,YF,Yellow fever vaccine,NO
BRA,Brazil,AMR,2003.0,RCV1,"Rubella-containing vaccine, 1st dose",YES
BRB,Barbados,AMR,2013.0,ROTA,Rotavirus vaccine,YES
BRB,Barbados,AMR,2003.0,PCV,Pneumococcal conjugate vaccine,YES
BRB,Barbados,AMR,2017.0,HPV,Human papillomavirus vaccine,YES
BRB,Barbados,AMR,2001.0,HEPB_BD,Hepatitis B birth dose,YES
BRB,Barbados,AMR,2010.0,IPV,Inactivated polio vaccine,YES
BRB,Barbados,AMR,2014.0,YF,Yellow fever vaccine,YES
BRB,Barbados,AMR,2019.0,RCV1,"Rubella-containing vaccine, 1st dose",YES
BRN,Brunei Darussalam,WPR,2007.0,ROTA,Rotavirus vaccine,YES
BRN,Brunei Darussalam,WPR,,PCV,Pneumococcal conjugate vaccine,NO
BRN,Brunei Darussalam,WPR,,HPV,Human papillomavirus vaccine,NO
BRN,Brunei Darussalam,WPR,2011.0,HEPB_BD,Hepatitis B birth dose,YES
BRN,Brunei Darussalam,WPR,2004.0,IPV,Inactivated polio vaccine,YES
BRN,Brunei Darussalam,WPR,2015.0,JE,Japanese encephalitis vaccine,YES
BRN,Brunei Darussalam,WPR,2013.0,RCV1,"Rubella-containing vaccine, 1st dose",YES
BTN,Bhutan,SEAR,2000.0,ROTA,Rotavirus vaccine,YES
BTN,Bhutan,SEAR,2008.0,PCV,Pneumococcal conjugate vaccine,YES
BTN,Bhutan,SEAR,2002.0,HPV,Human papillomavirus vaccine,YES
BTN,Bhutan,SEAR,2020.0,HEPB_BD,Hepatitis B birth dose,YES
BTN,Bhutan,SEAR,,IPV,Inactivated polio vaccine,NO
BTN,Bhutan,SEAR,2020.0,JE,Japanese encephalitis vaccine,YES
BTN,Bhutan,SEAR,,RCV1,"Rubella-containing vaccine, 1st dose",NO
BWA,Botswana,AFR,,ROTA,Rotavirus vaccine,NO
BWA,Botswana,AFR,,PCV,Pneumococcal conjugate vaccine,NO
BWA,Botswana,AFR,,HPV,Human papillomavirus vaccine,NO
BWA,Botswana,AFR,2020.0,HEPB_BD,Hepatitis B birth dose,YES
BWA,Botswana,AFR,,IPV,Inactivated polio vaccine,NO
BWA,Botswana,AFR,2019.0,MENA,Meningococcal A conjugate vaccine,YES
BWA,Botswana,AFR,2012.0,YF,Yellow fever vaccine,YES
BWA,Botswana,AFR,,RCV1,"Rubella-containing vaccine, 1st dose",NO
CAF,Central African Republic,AFR,2018.0,ROTA,Rotavirus vaccine,YES
CAF,Central African Republic,AFR,2009.0,PCV,Pneumococcal conjugate vaccine,YES
CAF,Central African Republic,AFR,2001.0,HPV,Human papillomavirus vaccine,YES
CAF,Central African Republic,AFR,2003.0,HEPB_BD,Hepatitis B birth dose,YES
CAF,Central African Republic,AFR,2014.0,IPV,Inactivated polio vaccine,YES
CAF,Central African Republic,AFR,2005.0,MENA,Meningococcal A conjugate vaccine,YES
CAF,Central African Republic,AFR,2017.0,YF,Yellow fever vaccine,YES
CAF,Central African Republic,AFR,2007.0,RCV1,"Rubella-containing vaccine, 1st dose",YES
CAN,Canada,AMR,2005.0,ROTA,Rotavirus vaccine,YES
CAN,Canada,AMR,,PCV,Pneumococcal conjugate vaccine,NO
CAN,Canada,AMR,,HPV,Human papillomavirus vaccine,NO
CAN,Canada,AMR,2007.0,HEPB_BD,Hepatitis B birth dose,YES
CAN,Canada,AMR,2011.0,IPV,Inactivated polio vaccine,YES
CAN,Canada,AMR,,YF,Yellow fever vaccine,NO
CAN,Canada,AMR,2012.0,RCV1,"Rubella-containing vaccine, 1st dose",YES
CHE,Switzerland,EUR,,ROTA,Rotavirus vaccine,NO
CHE,Switzerland,EUR,2018.0,PCV,Pneumococcal conjugate vaccine,YES
CHE,Switzerland,EUR,2015.0,HPV,Human papillomavirus vaccine,YES
CHE,Switzerland,EUR,,HEPB_BD,Hepatitis B birth dose,NO
CHE,Switzerland,EUR,2014.0,IPV,Inactivated polio vaccine,YES
CHE,Switzerland,EUR,,RCV1,"Rubella-containing vaccine, 1st dose",NO
CHL,Chile,AMR,2016.0,ROTA,Rotavirus vaccine,YES
CHL,Chile,AMR,2015.0,PCV,Pneumococcal conjugate vaccine,YES
CHL,Chile,AMR,,HPV,Human papillomavirus vaccine,NO
CHL,Chile,AMR,2002.0,HEPB_BD,Hepatitis B birth dose,YES
CHL,Chile,AMR,,IPV,Inactivated polio vaccine,NO
CHL,Chile,AMR,2023.0,YF,Yellow fever vaccine,YES
CHL,Chile,AMR,,RCV1,"Rubella-containing vaccine, 1st dose",NO
CHN,China,WPR,2023.0,ROTA,Rotavirus vaccine,YES
CHN,China,WPR,,PCV,Pneumococcal conjugate vaccine,NO
CHN,China,WPR,,HPV,Human papillomavirus vaccine,NO
CHN,China,WPR,,HEPB_BD,Hepatitis B birth dose,NO
CHN,China,WPR,2017.0,IPV,Inactivated polio vaccine,YES
CHN,China,WPR,2014.0,JE,Japanese encephalitis vaccine,YES
CHN,China,WPR,2004.0,RCV1,"Rubella-containing vaccine, 1st dose",YES
CIV,Cote d'Ivoire,AFR,2004.0,ROTA,Rotavirus vaccine,YES
CIV,Cote d'Ivoire,AFR,2011.0,PCV,Pneumococcal conjugate vaccine,YES
CIV,Cote d'Ivoire,AFR,2011.0,HPV,Human papillomavirus vaccine,YES
CIV,Cote d'Ivoire,AFR,,HEPB_BD,Hepatitis B birth dose,NO
CIV,Cote d'Ivoire,AFR,,IPV,Inactivated polio vaccine,NO
CIV,Cote d'Ivoire,AFR,2005.0,MENA,Meningococcal A conjugate vaccine,YES
CIV,Cote d'Ivoire,AFR,,YF,Yellow fever vaccine,NO
CIV,Cote d'Ivoire,AFR,2014.0,RCV1,"Rubella-containing vaccine, 1st dose",YES
CMR,Cameroon,AFR,2017.0,ROTA,Rotavirus vaccine,YES
CMR,Cameroon,AFR,2002.0,PCV,Pneumococcal conjugate vaccine,YES
CMR,Cameroon,AFR,2022.0,HPV,Human papillomavirus vaccine,YES
CMR,Cameroon,AFR,2018.0,HEPB_BD,Hepatitis B birth dose,YES
CMR,Cameroon,AFR,2017.0,IPV,Inactivated polio vaccine,YES
CMR,Cameroon,AFR,,MENA,Meningococcal A conjugate vaccine,NO
CMR,Cameroon,AFR,2021.0,YF,Yellow fever vaccine,YES
CMR,Cameroon,AFR,2012.0,RCV1,"Rubella-containing vaccine, 1st dose",YES
COD,Democratic Republic of the Congo,AFR,2007.0,ROTA,Rotavirus vaccine,YES
COD,Democratic Republic of the Congo,AFR,2002.0,PCV,Pneumococcal conjugate vaccine,YES
COD,Democratic Republic of the Congo,AFR,2022.0,HPV,Human papillomavirus vaccine,YES
COD,Democratic Republic of the Congo,AFR,2003.0,HEPB_BD,Hepatitis B birth dose,YES
COD,Democratic Republic of the Congo,AFR,2017.0,IPV,Inactivated polio vaccine,YES
COD,Democratic Republic of the Congo,AFR,,MENA,Meningococcal A conjugate vaccine,NO
COD,Democratic Republic of the Congo,AFR,,YF,Yellow fever vaccine,NO
COD,Democratic Republic of the Congo,AFR,2003.0,RCV1,"Rubella-containing vaccine, 1st dose",YES
COG,Congo,AFR,,ROTA,Rotavirus vaccine,NO
COG,Congo,AFR,2009.0,PCV,Pneumococcal conjugate vaccine,YES
COG,Congo,AFR,,HPV,Human papillomavirus vaccine,NO
COG,Congo,AFR,2006.0,HEPB_BD,Hepatitis B birth dose,YES
COG,Congo,AFR,2020.0,IPV,Inactivated polio vaccine,YES
COG,Congo,AFR,2011.0,MENA,Meningococcal A conjugate vaccine,YES
COG,Congo,AFR,2014.0,YF,Yellow fever vaccine,YES
COG,Congo,AFR,2002.0,RCV1,"Rubella-containing vaccine, 1st dose",YES
COK,Cook Islands,WPR,,ROTA,Rotavirus vaccine,NO
COK,Cook Islands,WPR,2010.0,PCV,Pneumococcal conjugate vaccine,YES
COK,Cook Islands,WPR,2007.0,HPV,Human papillomavirus vaccine,YES
COK,Cook Islands,WPR,2010.0,HEPB_BD,Hepatitis B birth dose,YES
COK,Cook Islands,WPR,,IPV,Inactivated polio vaccine,NO
COK,Cook Islands,WPR,,JE,Japanese encephalitis vaccine,NO
COK,Cook Islands,WPR,2009.0,RCV1,"Rubella-containing vaccine, 1st dose",YES
COL,Colombia,AMR,,ROTA,Rotavirus vaccine,NO
COL,Colombia,AMR,2023.0,PCV,Pneumococcal conjugate vaccine,YES
COL,Colombia,AMR,,HPV,Human papillomavirus vaccine,NO
COL,Colombia,AMR,2015.0,HEPB_BD,Hepatitis B birth dose,YES
COL,Colombia,AMR,2023.0,IPV,Inactivated polio vaccine,YES
COL,Colombia,AMR,2014.0,YF,Yellow fever vaccine,YES
COL,Colombia,AMR,,RCV1,"Rubella-containing vaccine, 1st dose",NO
COM,Comoros,AFR,2002.0,ROTA,Rotavirus vaccine,YES
COM,Comoros,AFR,2010.0,PCV,Pneumococcal conjugate vaccine,YES
COM,Comoros,AFR,,HPV,Human papillomavirus vaccine,NO
COM,Comoros,AFR,2003.0,HEPB_BD,Hepatitis B birth dose,YES
COM,Comoros,AFR,,IPV,Inactivated polio vaccine,NO
COM,Comoros,AFR,2021.0,MENA,Meningococcal A conjugate vaccine,YES
COM,Comoros,AFR,2000.0,YF,Yellow fever vaccine,YES
COM,Comoros,AFR,2019.0,RCV1,"Rubella-containing vaccine, 1st dose",YES
CPV,Cabo Verde,AFR,,ROTA,Rotavirus vaccine,NO
CPV,Cabo Verde,AFR,2014.0,PCV,Pneumococcal conjugate vaccine,YES
CPV,Cabo Verde,AFR,,HPV,Human papillomavirus vaccine,NO
CPV,Cabo Verde,AFR,2016.0,HEPB_BD,Hepatitis B birth dose,YES
CPV,Cabo Verde,AFR,,IPV,Inactivated polio vaccine,NO
CPV,Cabo Verde,AFR,,MENA,Meningococcal A conjugate vaccine,NO
CPV,Cabo Verde,AFR,2019.0,YF,Yellow fever vaccine,YES
CPV,Cabo Verde,AFR,,RCV1,"Rubella-containing vaccine, 1st dose",NO
CRI,Costa Rica,AMR,2010.0,ROTA,Rotavirus vaccine,YES
CRI,Costa Rica,AMR,2004.0,PCV,Pneumococcal conjugate vaccine,YES
CRI,Costa Rica,AMR,2012.0,HPV,Human papillomavirus vaccine,YES
CRI,Costa Rica,AMR,2017.0,HEPB_BD,Hepatitis B birth dose,YES
CRI,Costa Rica,AMR,,IPV,Inactivated polio vaccine,NO
CRI,Costa Rica,AMR,2019.0,YF,Yellow fever vaccine,YES
CRI,Costa Rica,AMR,2017.0,RCV1,"Rubella-containing vaccine, 1st dose",YES
CUB,Cuba,AMR,2002.0,ROTA,Rotavirus vaccine,YES
CUB,Cuba,AMR,,PCV,Pneumococcal conjugate vaccine,NO
CUB,Cuba,AMR,2017.0,HPV,Human papillomavirus vaccine,YES
CUB,Cuba,AMR,2001.0,HEPB_BD,Hepatitis B birth dose,YES
CUB,Cuba,AMR,2014.0,IPV,Inactivated polio vaccine,YES
CUB,Cuba,AMR,,YF,Yellow fever vaccine,NO
CUB,Cuba,AMR,2009.0,RCV1,"Rubella-containing vaccine, 1st dose",YES
CUW,Curaçao,AMR,2004.0,ROTA,Rotavirus vaccine,YES
CUW,Curaçao,AMR,2009.0,PCV,Pneumococcal conjugate vaccine,YES
CUW,Curaçao,AMR,2023.0,HPV,Human papillomavirus vaccine,YES
CUW,Curaçao,AMR,,HEPB_BD,Hepatitis B birth dose,NO
CUW,Curaçao,AMR,2020.0,IPV,Inactivated polio vaccine,YES
CUW,Curaçao,AMR,2013.0,YF,Yellow fever vaccine,YES
CUW,Curaçao,AMR,,RCV1,"Rubella-containing vaccine, 1st dose",NO
CYM,Cayman Islands,AMR,2010.0,ROTA,Rotavirus vaccine,YES
CYM,Cayman Islands,AMR,2013.0,PCV,Pneumococcal conjugate vaccine,YES
CYM,Cayman Islands,AMR,2010.0,HPV,Human papillomavirus vaccine,YES
CYM,Cayman Islands,AMR,2022.0,HEPB_BD,Hepatitis B birth dose,YES
CYM,Cayman Islands,AMR,2016.0,IPV,Inactivated polio vaccine,YES
CYM,Cayman Islands,AMR,2009.0,YF,Yellow fever vaccine,YES
CYM,Cayman Islands,AMR,2023.0,RCV1,"Rubella-containing vaccine, 1st dose",YES
CYP,Cyprus,EUR,2003.0,ROTA,Rotavirus vaccine,YES
CYP,Cyprus,EUR,2014.0,PCV,Pneumococcal conjugate vaccine,YES
CYP,Cyprus,EUR,2010.0,HPV,Human papillomavirus vaccine,YES
CYP,Cyprus,EUR,2023.0,HEPB_BD,Hepatitis B birth dose,YES
CYP,Cyprus,EUR,2009.0,IPV,Inactivated polio vaccine,YES
CYP,Cyprus,EUR,2022.0,RCV1,"Rubella-containing vaccine, 1st dose",YES
CZE,Czechia,EUR,2014.0,ROTA,Rotavirus vaccine,YES
CZE,Czechia,EUR,2007.0,PCV,Pneumococcal conjugate vaccine,YES
CZE,Czechia,EUR,2010.0,HPV,Human papillomavirus vaccine,YES
CZE,Czechia,EUR,2002.0,HEPB_BD,Hepatitis B birth dose,YES
CZE,Czechia,EUR,2013.0,IPV,Inactivated polio vaccine,YES
CZE,Czechia,EUR,2013.0,RCV1,"Rubella-containing vaccine, 1st dose",YES
DEU,Germany,EUR,2015.0,ROTA,Rotavirus vaccine,YES
DEU,Germany,EUR,2005.0,PCV,Pneumococcal conjugate vaccine,YES
DEU,Germany,EUR,2018.0,HPV,Human papillomavirus vaccine,YES
DEU,Germany,EUR,2012.0,HEPB_BD,Hepatitis B birth dose,YES
DEU,Germany,EUR,2015.0,IPV,Inactivated polio vaccine,YES
DEU,Germany,EUR,2019.0,RCV1,"Rubella-containing vaccine, 1st dose",YES
DJI,Djibouti,EMR,,ROTA,Rotavirus vaccine,NO
DJI,Djibouti,EMR,,PCV,Pneumococcal conjugate vaccine,NO
DJI,Djibouti,EMR,2017.0,HPV,Human papillomavirus vaccine,YES
DJI,Djibouti,EMR,2006.0,HEPB_BD,Hepatitis B birth dose,YES
DJI,Djibouti,EMR,2019.0,IPV,Inactivated polio vaccine,YES
DJI,Djibouti,EMR,,RCV1,"Rubella-containing vaccine, 1st dose",NO
DMA,Dominica,AMR,2000.0,ROTA,Rotavirus vaccine,YES
DMA,Dominica,AMR,2002.0,PCV,Pneumococcal conjugate vaccine,YES
DMA,Dominica,AMR,,HPV,Human papillomavirus vaccine,NO
DMA,Dominica,AMR,2001.0,HEPB_BD,Hepatitis B birth dose,YES
DMA,Dominica,AMR,2006.0,IPV,Inactivated polio vaccine,YES
DMA,Dominica,AMR,2017.0,YF,Yellow fever vaccine,YES
DMA,Dominica,AMR,,RCV1,"Rubella-containing vaccine, 1st dose",NO
DNK,Denmark,EUR,2007.0,ROTA,Rotavirus vaccine,YES
DNK,Denmark,EUR,,PCV,Pneumococcal conjugate vaccine,NO
DNK,Denmark,EUR,,HPV,Human papillomavirus vaccine,NO
DNK,Denmark,EUR,2017.0,HEPB_BD,Hepatitis B birth dose,YES
DNK,Denmark,EUR,2003.0,IPV,Inactivated polio vaccine,YES
DNK,Denmark,EUR,2012.0,RCV1,"Rubella-containing vaccine, 1st dose",YES
DOM,Dominican Republic,AMR,,ROTA,Rotavirus vaccine,NO
DOM,Dominican Republic,AMR,,PCV,Pneumococcal conjugate vaccine,NO
DOM,Dominican Republic,AMR,,HPV,Human papillomavirus vaccine,NO
DOM,Dominican Republic,AMR,2008.0,HEPB_BD,Hepatitis B birth dose,YES
DOM,Dominican Republic,AMR,2003.0,IPV,Inactivated polio vaccine,YES
DOM,Dominican Republic,AMR,2016.0,YF,Yellow fever vaccine,YES
DOM,Dominican Republic,AMR,2008.0,RCV1,"Rubella-containing vaccine, 1st dose",YES
DZA,Algeria,AFR,2000.0,ROTA,Rotavirus vaccine,YES
DZA,Algeria,AFR,2011.0,PCV,Pneumococcal conjugate vaccine,YES
DZA,Algeria,AFR,2003.0,HPV,Human papillomavirus vaccine,YES
DZA,Algeria,AFR,,HEPB_BD,Hepatitis B birth dose,NO
DZA,Algeria,AFR,,IPV,Inactivated polio vaccine,NO
DZA,Algeria,AFR,2004.0,MENA,Meningococcal A conjugate vaccine,YES
DZA,Algeria,AFR,,YF,Yellow fever vaccine,NO
DZA,Algeria,AFR,2020.0,RCV1,"Rubella-containing vaccine, 1st dose",YES
ECU,Ecuador,AMR,2020.0,ROTA,Rotavirus vaccine,YES
ECU,Ecuador,AMR,2009.0,PCV,Pneumococcal conjugate vaccine,YES
ECU,Ecuador,AMR,,HPV,Human papillomavirus vaccine,NO
ECU,Ecuador,AMR,2011.0,HEPB_BD,Hepatitis B birth dose,YES
ECU,Ecuador,AMR,2011.0,IPV,Inactivated polio vaccine,YES
ECU,Ecuador,AMR,2005.0,YF,Yellow fever vaccine,YES
ECU,Ecuador,AMR,2021.0,RCV1,"Rubella-containing vaccine, 1st dose",YES
EGY,Egypt,EMR,2004.0,ROTA,Rotavirus vaccine,YES
EGY,Egypt,EMR,2007.0,PCV,Pneumococcal conjugate vaccine,YES
EGY,Egypt,EMR,2017.0,HPV,Human papillomavirus vaccine,YES
EGY,Egypt,EMR,2011.0,HEPB_BD,Hepatitis B birth dose,YES
EGY,Egypt,EMR,2020.0,IPV,Inactivated polio vaccine,YES
EGY,Egypt,EMR,2020.0,RCV1,"Rubella-containing vaccine, 1st dose",YES
ERI,Eritrea,AFR,2009.0,ROTA,Rotavirus vaccine,YES
ERI,Eritrea,AFR,,PCV,Pneumococcal conjugate vaccine,NO
ERI,Eritrea,AFR,2016.0,HPV,Human papillomavirus vaccine,YES
ERI,Eritrea,AFR,2017.0,HEPB_BD,Hepatitis B birth dose,YES
ERI,Eritrea,AFR,2012.0,IPV,Inactivated polio vaccine,YES
ERI,Eritrea,AFR,,MENA,Meningococcal A conjugate vaccine,NO
ERI,Eritrea,AFR,2012.0,YF,Yellow fever vaccine,YES
ERI,Eritrea,AFR,,RCV1,"Rubella-containing vaccine, 1st dose",NO
ESP,Spain,EUR,2018.0,ROTA,Rotavirus vaccine,YES
ESP,Spain,EUR,,PCV,Pneumococcal conjugate vaccine,NO
ESP,Spain,EUR,2002.0,HPV,Human papillomavirus vaccine,YES
ESP,Spain,EUR,2020.0,HEPB_BD,Hepatitis B birth dose,YES
ESP,Spain,EUR,2020.0,IPV,Inactivated polio vaccine,YES
ESP,Spain,EUR,2012.0,RCV1,"Rubella-containing vaccine, 1st dose",YES
EST,Estonia,EUR,2023.0,ROTA,Rotavirus vaccine,YES
EST,Estonia,EUR,2022.0,PCV,Pneumococcal conjugate vaccine,YES
EST,Estonia,EUR,2000.0,HPV,Human papillomavirus vaccine,YES
EST,Estonia,EUR,2008.0,HEPB_BD,Hepatitis B birth dose,YES
EST,Estonia,EUR,2014.0,IPV,Inactivated polio vaccine,YES
EST,Estonia,EUR,2022.0,RCV1,"Rubella-containing vaccine, 1st dose",YES
ETH,Ethiopia,AFR,2003.0,ROTA,Rotavirus vaccine,YES
ETH,Ethiopia,AFR,2014.0,PCV,Pneumococcal conjugate vaccine,YES
ETH,Ethiopia,AFR,2004.0,HPV,Human papillomavirus vaccine,YES
ETH,Ethiopia,AFR,2016.0,HEPB_BD,Hepatitis B birth dose,YES
ETH,Ethiopia,AFR,,IPV,Inactivated polio vaccine,NO
ETH,Ethiopia,AFR,2021.0,MENA,Meningococcal A conjugate vaccine,YES
ETH,Ethiopia,AFR,,YF,Yellow fever vaccine,NO
ETH,Ethiopia,AFR,,RCV1,"Rubella-containing vaccine, 1st dose",NO
FIN,Finland,EUR,,ROTA,Rotavirus vaccine,NO
FIN,Finland,EUR,,PCV,Pneumococcal conjugate vaccine,NO
FIN,Finland,EUR,,HPV,Human papillomavirus vaccine,NO
FIN,Finland,EUR,,HEPB_BD,Hepatitis B birth dose,NO
FIN,Finland,EUR,2011.0,IPV,Inactivated polio vaccine,YES
FIN,Finland,EUR,,RCV1,"Rubella-containing vaccine, 1st dose",NO
FJI,Fiji,WPR,2015.0,ROTA,Rotavirus vaccine,YES
FJI,Fiji,WPR,2013.0,PCV,Pneumococcal conjugate vaccine,YES
FJI,Fiji,WPR,,HPV,Human papillomavirus vaccine,NO
FJI,Fiji,WPR,,HEPB_BD,Hepatitis B birth dose,NO
FJI,Fiji,WPR,2019.0,IPV,Inactivated polio vaccine,YES
FJI,Fiji,WPR,,JE,Japanese encephalitis vaccine,NO
FJI,Fiji,WPR,2017.0,RCV1,"Rubella-containing vaccine, 1st dose",YES
FLK,Falkland Islands (Malvinas),AMR,2007.0,ROTA,Rotavirus vaccine,YES
FLK,Falkland Islands (Malvinas),AMR,,PCV,Pneumococcal conjugate vaccine,NO
FLK,Falkland Islands (Malvinas),AMR,2000.0,HPV,Human papillomavirus vaccine,YES
FLK,Falkland Islands (Malvinas),AMR,,HEPB_BD,Hepatitis B birth dose,NO
FLK,Falkland Islands (Malvinas),AMR,2007.0,IPV,Inactivated polio vaccine,YES
FLK,Falkland Islands (Malvinas),AMR,2023.0,YF,Yellow fever vaccine,YES
FLK,Falkland Islands (Malvinas),AMR,,RCV1,"Rubella-containing vaccine, 1st dose",NO
FRA,France,EUR,2005.0,ROTA,Rotavirus vaccine,YES
FRA,France,EUR,,PCV,Pneumococcal conjugate vaccine,NO
FRA,France,EUR,,HPV,Human papillomavirus vaccine,NO
FRA,France,EUR,,HEPB_BD,Hepatitis B birth dose,NO
FRA,France,EUR,2013.0,IPV,Inactivated polio vaccine,YES
FRA,France,EUR,2022.0,RCV1,"Rubella-containing vaccine, 1st dose",YES
FRO,Faroe Islands,EUR,2001.0,ROTA,Rotavirus vaccine,YES
FRO,Faroe Islands,EUR,2018.0,PCV,Pneumococcal conjugate vaccine,YES
FRO,Faroe Islands,EUR,,HPV,Human papillomavirus vaccine,NO
FRO,Faroe Islands,EUR,,HEPB_BD,Hepatitis B birth dose,NO
FRO,Faroe Islands,EUR,,IPV,Inactivated polio vaccine,NO
FRO,Faroe Islands,EUR,,RCV1,"Rubella-containing vaccine, 1st dose",NO
FSM,Micronesia (Federated States of),WPR,2017.0,ROTA,Rotavirus vaccine,YES
FSM,Micronesia (Federated States of),WPR,2002.0,PCV,Pneumococcal conjugate vaccine,YES
FSM,Micronesia (Federated States of),WPR,,HPV,Human papillomavirus vaccine,NO
FSM,Micronesia (Federated States of),WPR,2014.0,HEPB_BD,Hepatitis B birth dose,YES
FSM,Micronesia (Federated States of),WPR,2006.0,IPV,Inactivated polio vaccine,YES
FSM,Micronesia (Federated States of),WPR,2016.0,JE,Japanese encephalitis vaccine,YES
FSM,Micronesia (Federated States of),WPR,2016.0,RCV1,"Rubella-containing vaccine, 1st dose",YES
GAB,Gabon,AFR,2021.0,ROTA,Rotavirus vaccine,YES
GAB,Gabon,AFR,2009.0,PCV,Pneumococcal conjugate vaccine,YES
GAB,Gabon,AFR,2020.0,HPV,Human papillomavirus vaccine,YES
GAB,Gabon,AFR,,HEPB_BD,Hepatitis B birth dose,NO
GAB,Gabon,AFR,2017.0,IPV,Inactivated polio vaccine,YES
GAB,Gabon,AFR,2014.0,MENA,Meningococcal A conjugate vaccine,YES
GAB,Gabon,AFR,2013.0,YF,Yellow fever vaccine,YES
GAB,Gabon,AFR,2021.0,RCV1,"Rubella-containing vaccine, 1st dose",YES
GBR,United Kingdom of Great Britain and Northern Ireland,EUR,2016.0,ROTA,Rotavirus vaccine,YES
GBR,United Kingdom of Great Britain and Northern Ireland,EUR,2008.0,PCV,Pneumococcal conjugate vaccine,YES
GBR,United Kingdom of Great Britain and Northern Ireland,EUR,,HPV,Human papillomavirus vaccine,NO
GBR,United Kingdom of Great Britain and Northern Ireland,EUR,,HEPB_BD,Hepatitis B birth dose,NO
GBR,United Kingdom of Great Britain and Northern Ireland,EUR,2018.0,IPV,Inactivated polio vaccine,YES
GBR,United Kingdom of Great Britain and Northern Ireland,EUR,2009.0,RCV1,"Rubella-containing vaccine, 1st dose",YES
GEO,Georgia,EUR,2004.0,ROTA,Rotavirus vaccine,YES
GEO,Georgia,EUR,2023.0,PCV,Pneumococcal conjugate vaccine,YES
GEO,Georgia,EUR,2001.0,HPV,Human papillomavirus vaccine,YES
GEO,Georgia,EUR,,HEPB_BD,Hepatitis B birth dose,NO
GEO,Georgia,EUR,2009.0,IPV,Inactivated polio vaccine,YES
GEO,Georgia,EUR,2002.0,RCV1,"Rubella-containing vaccine, 1st dose",YES
GHA,Ghana,AFR,2008.0,ROTA,Rotavirus vaccine,YES
GHA,Ghana,AFR,2013.0,PCV,Pneumococcal conjugate vaccine,YES
GHA,Ghana,AFR,2000.0,HPV,Human papillomavirus vaccine,YES
GHA,Ghana,AFR,2021.0,HEPB_BD,Hepatitis B birth dose,YES
GHA,Ghana,AFR,2008.0,IPV,Inactivated polio vaccine,YES
GHA,Ghana,AFR,,MENA,Meningococcal A conjugate vaccine,NO
GHA,Ghana,AFR,,YF,Yellow fever vaccine,NO
GHA,Ghana,AFR,2023.0,RCV1,"Rubella-containing vaccine, 1st dose",YES
GIB,Gibraltar,EUR,,ROTA,Rotavirus vaccine,NO
GIB,Gibraltar,EUR,2006.0,PCV,Pneumococcal conjugate vaccine,YES
GIB,Gibraltar,EUR,2021.0,HPV,Human papillomavirus vaccine,YES
GIB,Gibraltar,EUR,2021.0,HEPB_BD,Hepatitis B birth dose,YES
GIB,Gibraltar,EUR,,IPV,Inactivated polio vaccine,NO
GIB,Gibraltar,EUR,2014.0,RCV1,"Rubella-containing vaccine, 1st dose",YES
GIN,Guinea,AFR,2015.0,ROTA,Rotavirus vaccine,YES
GIN,Guinea,AFR,2007.0,PCV,Pneumococcal conjugate vaccine,YES
GIN,Guinea,AFR,2007.0,HPV,Human papillomavirus vaccine,YES
GIN,Guinea,AFR,,HEPB_BD,Hepatitis B birth dose,NO
GIN,Guinea,AFR,2001.0,IPV,Inactivated polio vaccine,YES
GIN,Guinea,AFR,,MENA,Meningococcal A conjugate vaccine,NO
GIN,Guinea,AFR,,YF,Yellow fever vaccine,NO
GIN,Guinea,AFR,2013.0,RCV1,"Rubella-containing vaccine, 1st dose",YES
GLP,Guadeloupe,AMR,2022.0,ROTA,Rotavirus vaccine,YES
GLP,Guadeloupe,AMR,2023.0,PCV,Pneumococcal conjugate vaccine,YES
GLP,Guadeloupe,AMR,,HPV,Human papillomavirus vaccine,NO
GLP,Guadeloupe,AMR,,HEPB_BD,Hepatitis B birth dose,NO
GLP,Guadeloupe,AMR,,IPV,Inactivated polio vaccine,NO
GLP,Guadeloupe,AMR,2004.0,YF,Yellow fever vaccine,YES
GLP,Guadeloupe,AMR,2013.0,RCV1,"Rubella-containing vaccine, 1st dose",YES
GMB,Gambia,AFR,2007.0,ROTA,Rotavirus vaccine,YES
GMB,Gambia,AFR,2022.0,PCV,Pneumococcal conjugate vaccine,YES
GMB,Gambia,AFR,2003.0,HPV,Human papillomavirus vaccine,YES
GMB,Gambia,AFR,,HEPB_BD,Hepatitis B birth dose,NO
GMB,Gambia,AFR,2000.0,IPV,Inactivated polio vaccine,YES
GMB,Gambia,AFR,2001.0,MENA,Meningococcal A conjugate vaccine,YES
GMB,Gambia,AFR,2005.0,YF,Yellow fever vaccine,YES
GMB,Gambia,AFR,2006.0,RCV1,"Rubella-containing vaccine, 1st dose",YES
GNB,Guinea-Bissau,AFR,2012.0,ROTA,Rotavirus vaccine,YES
GNB,Guinea-Bissau,AFR,2020.0,PCV,Pneumococcal conjugate vaccine,YES
GNB,Guinea-Bissau,AFR,2002.0,HPV,Human papillomavirus vaccine,YES
GNB,Guinea-Bissau,AFR,2021.0,HEPB_BD,Hepatitis B birth dose,YES
GNB,Guinea-Bissau,AFR,2016.0,IPV,Inactivated polio vaccine,YES
GNB,Guinea-Bissau,AFR,2011.0,MENA,Meningococcal A conjugate vaccine,YES
GNB,Guinea-Bissau,AFR,2009.0,YF,Yellow fever vaccine,YES
GNB,Guinea-Bissau,AFR,2006.0,RCV1,"Rubella-containing vaccine, 1st dose",YES
GNQ,Equatorial Guinea,AFR,,ROTA,Rotavirus vaccine,NO
GNQ,Equatorial Guinea,AFR,2002.0,PCV,Pneumococcal conjugate vaccine,YES
GNQ,Equatorial Guinea,AFR,2006.0,HPV,Human papillomavirus vaccine,YES
GNQ,Equatorial Guinea,AFR,2011.0,HEPB_BD,Hepatitis B birth dose,YES
GNQ,Equatorial Guinea,AFR,2013.0,IPV,Inactivated polio vaccine,YES
GNQ,Equatorial Guinea,AFR,,MENA,Meningococcal A conjugate vaccine,NO
GNQ,Equatorial Guinea,AFR,2018.0,YF,Yellow fever vaccine,YES
GNQ,Equatorial Guinea,AFR,2014.0,RCV1,"Rubella-containing vaccine, 1st dose",YES
GRC,Greece,EUR,2005.0,ROTA,Rotavirus vaccine,YES
GRC,Greece,EUR,2008.0,PCV,Pneumococcal conjugate vaccine,YES
GRC,Greece,EUR,2005.0,HPV,Human papillomavirus vaccine,YES
GRC,Greece,EUR,,HEPB_BD,Hepatitis B birth dose,NO
GRC,Greece,EUR,2011.0,IPV,Inactivated polio vaccine,YES
GRC,Greece,EUR,2011.0,RCV1,"Rubella-containing vaccine, 1st dose",YES
GRD,Grenada,AMR,2014.0,ROTA,Rotavirus vaccine,YES
GRD,Grenada,AMR,2001.0,PCV,Pneumococcal conjugate vaccine,YES
GRD,Grenada,AMR,,HPV,Human papillomavirus vaccine,NO
GRD,Grenada,AMR,2022.0,HEPB_BD,Hepatitis B birth dose,YES
GRD,Grenada,AMR,2004.0,IPV,Inactivated polio vaccine,YES
GRD,Grenada,AMR,2016.0,YF,Yellow fever vaccine,YES
GRD,Grenada,AMR,2014.0,RCV1,"Rubella-containing vaccine, 1st dose",YES
GRL,Greenland,EUR,2005.0,ROTA,Rotavirus vaccine,YES
GRL,Greenland,EUR,,PCV,Pneumococcal conjugate vaccine,NO
GRL,Greenland,EUR,2014.0,HPV,Human papillomavirus vaccine,YES
GRL,Greenland,EUR,,HEPB_BD,Hepatitis B birth dose,NO
GRL,Greenland,EUR,2010.0,IPV,Inactivated polio vaccine,YES
GRL,Greenland,EUR,,RCV1,"Rubella-containing vaccine, 1st dose",NO
GTM,Guatemala,AMR,,ROTA,Rotavirus vaccine,NO
GTM,Guatemala,AMR,2003.0,PCV,Pneumococcal conjugate vaccine,YES
GTM,Guatemala,AMR,,HPV,Human papillomavirus vaccine,NO
GTM,Guatemala,AMR,2023.0,HEPB_BD,Hepatitis B birth dose,YES
GTM,Guatemala,AMR,,IPV,Inactivated polio vaccine,NO
GTM,Guatemala,AMR,2014.0,YF,Yellow fever vaccine,YES
GTM,Guatemala,AMR,,RCV1,"Rubella-containing vaccine, 1st dose",NO
GUF,French Guiana,AMR,2013.0,ROTA,Rotavirus vaccine,YES
GUF,French Guiana,AMR,2019.0,PCV,Pneumococcal conjugate vaccine,YES
GUF,French Guiana,AMR,2012.0,HPV,Human papillomavirus vaccine,YES
GUF,French Guiana,AMR,2009.0,HEPB_BD,Hepatitis B birth dose,YES
GUF,French Guiana,AMR,2020.0,IPV,Inactivated polio vaccine,YES
GUF,French Guiana,AMR,2000.0,YF,Yellow fever vaccine,YES
GUF,French Guiana,AMR,2016.0,RCV1,"Rubella-containing vaccine, 1st dose",YES
GUM,Guam,WPR,,ROTA,Rotavirus vaccine,NO
GUM,Guam,WPR,2003.0,PCV,Pneumococcal conjugate vaccine,YES
GUM,Guam,WPR,,HPV,Human papillomavirus vaccine,NO
GUM,Guam,WPR,2002.0,HEPB_BD,Hepatitis B birth dose,YES
GUM,Guam,WPR,2021.0,IPV,Inactivated polio vaccine,YES
GUM,Guam,WPR,2018.0,JE,Japanese encephalitis vaccine,YES
GUM,Guam,WPR,2003.0,RCV1,"Rubella-containing vaccine, 1st dose",YES
GUY,Guyana,AMR,2019.0,ROTA,Rotavirus vaccine,YES
GUY,Guyana,AMR,,PCV,Pneumococcal conjugate vaccine,NO
GUY,Guyana,AMR,2012.0,HPV,Human papillomavirus vaccine,YES
GUY,Guyana,AMR,2013.0,HEPB_BD,Hepatitis B birth dose,YES
GUY,Guyana,AMR,2023.0,IPV,Inactivated polio vaccine,YES
GUY,Guyana,AMR,2013.0,YF,Yellow fever vaccine,YES
GUY,Guyana,AMR,,RCV1,"Rubella-containing vaccine, 1st dose",NO
HND,Honduras,AMR,2021.0,ROTA,Rotavirus vaccine,YES
HND,Honduras,AMR,2004.0,PCV,Pneumococcal conjugate vaccine,YES
HND,Honduras,AMR,2006.0,HPV,Human papillomavirus vaccine,YES
HND,Honduras,AMR,2003.0,HEPB_BD,Hepatitis B birth dose,YES
HND,Honduras,AMR,2007.0,IPV,Inactivated polio vaccine,YES
HND,Honduras,AMR,,YF,Yellow fever vaccine,NO
HND,Honduras,AMR,2001.0,RCV1,"Rubella-containing vaccine, 1st dose",YES
HRV,Croatia,EUR,2014.0,ROTA,Rotavirus vaccine,YES
HRV,Croatia,EUR,,PCV,Pneumococcal conjugate vaccine,NO
HRV,Croatia,EUR,2014.0,HPV,Human papillomavirus vaccine,YES
HRV,Croatia,EUR,2014.0,HEPB_BD,Hepatitis B birth dose,YES
HRV,Croatia,EUR,2018.0,IPV,Inactivated polio vaccine,YES
HRV,Croatia,EUR,,RCV1,"Rubella-containing vaccine, 1st dose",NO
HTI,Haiti,AMR,2016.0,ROTA,Rotavirus vaccine,YES
HTI,Haiti,AMR,,PCV,Pneumococcal conjugate vaccine,NO
HTI,Haiti,AMR,,HPV,Human papillomavirus vaccine,NO
HTI,Haiti,AMR,2022.0,HEPB_BD,Hepatitis B birth dose,YES
HTI,Haiti,AMR,2012.0,IPV,Inactivated polio vaccine,YES
HTI,Haiti,AMR,,YF,Yellow fever vaccine,NO
HTI,Haiti,AMR,2010.0,RCV1,"Rubella-containing vaccine, 1st dose",YES
HUN,Hungary,EUR,2009.0,ROTA,Rotavirus vaccine,YES
HUN,Hungary,EUR,,PCV,Pneumococcal conjugate vaccine,NO
HUN,Hungary,EUR,2003.0,HPV,Human papillomavirus vaccine,YES
HUN,Hungary,EUR,2016.0,HEPB_BD,Hepatitis B birth dose,YES
HUN,Hungary,EUR,,IPV,Inactivated polio vaccine,NO
HUN,Hungary,EUR,2016.0,RCV1,"Rubella-containing vaccine, 1st dose",YES
IDN,Indonesia,WPR,,ROTA,Rotavirus vaccine,NO
IDN,Indonesia,WPR,,PCV,Pneumococcal conjugate vaccine,NO
IDN,Indonesia,WPR,2004.0,HPV,Human papillomavirus vaccine,YES
IDN,Indonesia,WPR,2021.0,HEPB_BD,Hepatitis B birth dose,YES
IDN,Indonesia,WPR,,IPV,Inactivated polio vaccine,NO
IDN,Indonesia,WPR,2017.0,JE,Japanese encephalitis vaccine,YES
IDN,Indonesia,WPR,2002.0,RCV1,"Rubella-containing vaccine, 1st dose",YES
IMN,Isle of Man,EUR,,ROTA,Rotavirus vaccine,NO
IMN,Isle of Man,EUR,,PCV,Pneumococcal conjugate vaccine,NO
IMN,Isle of Man,EUR,2017.0,HPV,Human papillomavirus vaccine,YES
IMN,Isle of Man,EUR,2018.0,HEPB_BD,Hepatitis B birth dose,YES
IMN,Isle of Man,EUR,,IPV,Inactivated polio vaccine,NO
IMN,Isle of Man,EUR,,RCV1,"Rubella-containing vaccine, 1st dose",NO
IND,India,SEAR,2021.0,ROTA,Rotavirus vaccine,YES
IND,India,SEAR,2010.0,PCV,Pneumococcal conjugate vaccine,YES
IND,India,SEAR,2017.0,HPV,Human papillomavirus vaccine,YES
IND,India,SEAR,,HEPB_BD,Hepatitis B birth dose,NO
IND,India,SEAR,2019.0,IPV,Inactivated polio vaccine,YES
IND,India,SEAR,,JE,Japanese encephalitis vaccine,NO
IND,India,SEAR,2017.0,RCV1,"Rubella-containing vaccine, 1st dose",YES
IRL,Ireland,EUR,2008.0,ROTA,Rotavirus vaccine,YES
IRL,Ireland,EUR,2014.0,PCV,Pneumococcal conjugate vaccine,YES
IRL,Ireland,EUR,2000.0,HPV,Human papillomavirus vaccine,YES
IRL,Ireland,EUR,,HEPB_BD,Hepatitis B birth dose,NO
IRL,Ireland,EUR,2014.0,IPV,Inactivated polio vaccine,YES
IRL,Ireland,EUR,2008.0,RCV1,"Rubella-containing vaccine, 1st dose",YES
IRN,Iran (Islamic Republic of),EMR,2009.0,ROTA,Rotavirus vaccine,YES
IRN,Iran (Islamic Republic of),EMR,2007.0,PCV,Pneumococcal conjugate vaccine,YES
IRN,Iran (Islamic Republic of),EMR,2003.0,HPV,Human papillomavirus vaccine,YES
IRN,Iran (Islamic Republic of),EMR,2000.0,HEPB_BD,Hepatitis B birth dose,YES
IRN,Iran (Islamic Republic of),EMR,2022.0,IPV,Inactivated polio vaccine,YES
IRN,Iran (Islamic Republic of),EMR,2011.0,RCV1,"Rubella-containing vaccine, 1st dose",YES
IRQ,Iraq,EMR,,ROTA,Rotavirus vaccine,NO
IRQ,Iraq,EMR,2018.0,PCV,Pneumococcal conjugate vaccine,YES
IRQ,Iraq,EMR,2023.0,HPV,Human papillomavirus vaccine,YES
IRQ,Iraq,EMR,2004.0,HEPB_BD,Hepatitis B birth dose,YES
IRQ,Iraq,EMR,2010.0,IPV,Inactivated polio vaccine,YES
IRQ,Iraq,EMR,2006.0,RCV1,"Rubella-containing vaccine, 1st dose",YES
ISL,Iceland,EUR,2002.0,ROTA,Rotavirus vaccine,YES
ISL,Iceland,EUR,2023.0,PCV,Pneumococcal conjugate vaccine,YES
ISL,Iceland,EUR,2021.0,HPV,Human papillomavirus vaccine,YES
ISL,Iceland,EUR,2002.0,HEPB_BD,Hepatitis B birth dose,YES
ISL,Iceland,EUR,2007.0,IPV,Inactivated polio vaccine,YES
ISL,Iceland,EUR,,RCV1,"Rubella-containing vaccine, 1st dose",NO
ISR,Israel,EUR,,ROTA,Rotavirus vaccine,NO
ISR,Israel,EUR,,PCV,Pneumococcal conjugate vaccine,NO
ISR,Israel,EUR,,HPV,Human papillomavirus vaccine,NO
ISR,Israel,EUR,,HEPB_BD,Hepatitis B birth dose,NO
ISR,Israel,EUR,2018.0,IPV,Inactivated polio vaccine,YES
ISR,Israel,EUR,2022.0,RCV1,"Rubella-containing vaccine, 1st dose",YES
ITA,Italy,EUR,2007.0,ROTA,Rotavirus vaccine,YES
ITA,Italy,EUR,2019.0,PCV,Pneumococcal conjugate vaccine,YES
ITA,Italy,EUR,2020.0,HPV,Human papillomavirus vaccine,YES
ITA,Italy,EUR,2012.0,HEPB_BD,Hepatitis B birth dose,YES
ITA,Italy,EUR,2003.0,IPV,Inactivated polio vaccine,YES
ITA,Italy,EUR,2002.0,RCV1,"Rubella-containing vaccine, 1st dose",YES
JAM,Jamaica,AMR,2020.0,ROTA,Rotavirus vaccine,YES
JAM,Jamaica,AMR,,PCV,Pneumococcal conjugate vaccine,NO
JAM,Jamaica,AMR,2020.0,HPV,Human papillomavirus vaccine,YES
JAM,Jamaica,AMR,2008.0,HEPB_BD,Hepatitis B birth dose,YES
JAM,Jamaica,AMR,,IPV,Inactivated polio vaccine,NO
JAM,Jamaica,AMR,,YF,Yellow fever vaccine,NO
JAM,Jamaica,AMR,2014.0,RCV1,"Rubella-containing vaccine, 1st dose",YES
JOR,Jordan,EMR,2022.0,ROTA,Rotavirus vaccine,YES
JOR,Jordan,EMR,,PCV,Pneumococcal conjugate vaccine,NO
JOR,Jordan,EMR,2009.0,HPV,Human papillomavirus vaccine,YES
JOR,Jordan,EMR,,HEPB_BD,Hepatitis B birth dose,NO
JOR,Jordan,EMR,2006.0,IPV,Inactivated polio vaccine,YES
JOR,Jordan,EMR,2001.0,RCV1,"Rubella-containing vaccine, 1st dose",YES
JPN,Japan,WPR,2010.0,ROTA,Rotavirus vaccine,YES
JPN,Japan,WPR,2003.0,PCV,Pneumococcal conjugate vaccine,YES
JPN,Japan,WPR,,HPV,Human papillomavirus vaccine,NO
JPN,Japan,WPR,2020.0,HEPB_BD,Hepatitis B birth dose,YES
JPN,Japan,WPR,2017.0,IPV,Inactivated polio vaccine,YES
JPN,Japan,WPR,2005.0,JE,Japanese encephalitis vaccine,YES
JPN,Japan,WPR,2000.0,RCV1,"Rubella-containing vaccine, 1st dose",YES
KAZ,Kazakhstan,EUR,,ROTA,Rotavirus vaccine,NO
KAZ,Kazakhstan,EUR,,PCV,Pneumococcal conjugate vaccine,NO
KAZ,Kazakhstan,EUR,2022.0,HPV,Human papillomavirus vaccine,YES
KAZ,Kazakhstan,EUR,2010.0,HEPB_BD,Hepatitis B birth dose,YES
KAZ,Kazakhstan,EUR,2012.0,IPV,Inactivated polio vaccine,YES
KAZ,Kazakhstan,EUR,2008.0,RCV1,"Rubella-containing vaccine, 1st dose",YES
KEN,Kenya,AFR,2003.0,ROTA,Rotavirus vaccine,YES
KEN,Kenya,AFR,,PCV,Pneumococcal conjugate vaccine,NO
KEN,Kenya,AFR,2020.0,HPV,Human papillomavirus vaccine,YES
KEN,Kenya,AFR,2022.0,HEPB_BD,Hepatitis B birth dose,YES
KEN,Kenya,AFR,2023.0,IPV,Inactivated polio vaccine,YES
KEN,Kenya,AFR,2004.0,MENA,Meningococcal A conjugate vaccine,YES
KEN,Kenya,AFR,2009.0,YF,Yellow fever vaccine,YES
KEN,Kenya,AFR,,RCV1,"Rubella-containing vaccine, 1st dose",NO
KGZ,Kyrgyzstan,EUR,2002.0,ROTA,Rotavirus vaccine,YES
KGZ,Kyrgyzstan,EUR,2001.0,PCV,Pneumococcal conjugate vaccine,YES
KGZ,Kyrgyzstan,EUR,2011.0,HPV,Human papillomavirus vaccine,YES
KGZ,Kyrgyzstan,EUR,2015.0,HEPB_BD,Hepatitis B birth dose,YES
KGZ,Kyrgyzstan,EUR,,IPV,Inactivated polio vaccine,NO
KGZ,Kyrgyzstan,EUR,,RCV1,"Rubella-containing vaccine, 1st dose",NO
KHM,Cambodia,WPR,,ROTA,Rotavirus vaccine,NO
KHM,Cambodia,WPR,2004.0,PCV,Pneumococcal conjugate vaccine,YES
KHM,Cambodia,WPR,2019.0,HPV,Human papillomavirus vaccine,YES
KHM,Cambodia,WPR,2022.0,HEPB_BD,Hepatitis B birth dose,YES
KHM,Cambodia,WPR,2022.0,IPV,Inactivated polio vaccine,YES
KHM,Cambodia,WPR,,JE,Japanese encephalitis vaccine,NO
KHM,Cambodia,WPR,2008.0,RCV1,"Rubella-containing vaccine, 1st dose",YES
KIR,Kiribati,WPR,,ROTA,Rotavirus vaccine,NO
KIR,Kiribati,WPR,,PCV,Pneumococcal conjugate vaccine,NO
KIR,Kiribati,WPR,2005.0,HPV,Human papillomavirus vaccine,YES
KIR,Kiribati,WPR,2022.0,HEPB_BD,Hepatitis B birth dose,YES
KIR,Kiribati,WPR,2018.0,IPV,Inactivated polio vaccine,YES
KIR,Kiribati,WPR,,JE,Japanese encephalitis vaccine,NO
KIR,Kiribati,WPR,2000.0,RCV1,"Rubella-containing vaccine, 1st dose",YES
KNA,Saint Kitts and Nevis,AMR,2009.0,ROTA,Rotavirus vaccine,YES
KNA,Saint Kitts and Nevis,AMR,2010.0,PCV,Pneumococcal conjugate vaccine,YES
KNA,Saint Kitts and Nevis,AMR,2018.0,HPV,Human papillomavirus vaccine,YES
KNA,Saint Kitts and Nevis,AMR,2015.0,HEPB_BD,Hepatitis B birth dose,YES
KNA,Saint Kitts and Nevis,AMR,,IPV,Inactivated polio vaccine,NO
KNA,Saint Kitts and Nevis,AMR,2009.0,YF,Yellow fever vaccine,YES
KNA,Saint Kitts and Nevis,AMR,2017.0,RCV1,"Rubella-containing vaccine, 1st dose",YES
KOR,Republic of Korea,WPR,2015.0,ROTA,Rotavirus vaccine,YES
KOR,Republic of Korea,WPR,2014.0,PCV,Pneumococcal conjugate vaccine,YES
KOR,Republic of Korea,WPR,,HPV,Human papillomavirus vaccine,NO
KOR,Republic of Korea,WPR,2013.0,HEPB_BD,Hepatitis B birth dose,YES
KOR,Republic of Korea,WPR,2004.0,IPV,Inactivated polio vaccine,YES
KOR,Republic of Korea,WPR,,JE,Japanese encephalitis vaccine,NO
KOR,Republic of Korea,WPR,2023.0,RCV1,"Rubella-containing vaccine, 1st dose",YES
KWT,Kuwait,EMR,,ROTA,Rotavirus vaccine,NO
KWT,Kuwait,EMR,,PCV,Pneumococcal conjugate vaccine,NO
KWT,Kuwait,EMR,,HPV,Human papillomavirus vaccine,NO
KWT,Kuwait,EMR,2010.0,HEPB_BD,Hepatitis B birth dose,YES
KWT,Kuwait,EMR,2004.0,IPV,Inactivated polio vaccine,YES
KWT,Kuwait,EMR,,RCV1,"Rubella-containing vaccine, 1st dose",NO
LAO,Lao People's Democratic Republic,WPR,2007.0,ROTA,Rotavirus vaccine,YES
LAO,Lao People's Democratic Republic,WPR,,PCV,Pneumococcal conjugate vaccine,NO
LAO,Lao People's Democratic Republic,WPR,2021.0,HPV,Human papillomavirus vaccine,YES
LAO,Lao People's Democratic Republic,WPR,2013.0,HEPB_BD,Hepatitis B birth dose,YES
LAO,Lao People's Democratic Republic,WPR,2017.0,IPV,Inactivated polio vaccine,YES
LAO,Lao People's Democratic Republic,WPR,2021.0,JE,Japanese encephalitis vaccine,YES
LAO,Lao People's Democratic Republic,WPR,2009.0,RCV1,"Rubella-containing vaccine, 1st dose",YES
LBN,Lebanon,EMR,2008.0,ROTA,Rotavirus vaccine,YES
LBN,Lebanon,EMR,2006.0,PCV,Pneumococcal conjugate vaccine,YES
LBN,Lebanon,EMR,2003.0,HPV,Human papillomavirus vaccine,YES
LBN,Lebanon,EMR,2003.0,HEPB_BD,Hepatitis B birth dose,YES
LBN,Lebanon,EMR,2015.0,IPV,Inactivated polio vaccine,YES
LBN,Lebanon,EMR,2021.0,RCV1,"Rubella-containing vaccine, 1st dose",YES
LBR,Liberia,AFR,2007.0,ROTA,Rotavirus vaccine,YES
LBR,Liberia,AFR,,PCV,Pneumococcal conjugate vaccine,NO
LBR,Liberia,AFR,,HPV,Human papillomavirus vaccine,NO
LBR,Liberia,AFR,2021.0,HEPB_BD,Hepatitis B birth dose,YES
LBR,Liberia,AFR,2016.0,IPV,Inactivated polio vaccine,YES
LBR,Liberia,AFR,2018.0,MENA,Meningococcal A conjugate vaccine,YES
LBR,Liberia,AFR,2003.0,YF,Yellow fever vaccine,YES
LBR,Liberia,AFR,2021.0,RCV1,"Rubella-containing vaccine, 1st dose",YES
LBY,Libya,EMR,2021.0,ROTA,Rotavirus vaccine,YES
LBY,Libya,EMR,2013.0,PCV,Pneumococcal conjugate vaccine,YES
LBY,Libya,EMR,,HPV,Human papillomavirus vaccine,NO
LBY,Libya,EMR,2016.0,HEPB_BD,Hepatitis B birth dose,YES
LBY,Libya,EMR,2007.0,IPV,Inactivated polio vaccine,YES
LBY,Libya,EMR,2015.0,RCV1,"Rubella-containing vaccine, 1st dose",YES
LCA,Saint Lucia,AMR,,ROTA,Rotavirus vaccine,NO
LCA,Saint Lucia,AMR,2010.0,PCV,Pneumococcal conjugate vaccine,YES
LCA,Saint Lucia,AMR,2016.0,HPV,Human papillomavirus vaccine,YES
LCA,Saint Lucia,AMR,2016.0,HEPB_BD,Hepatitis B birth dose,YES
LCA,Saint Lucia,AMR,2021.0,IPV,Inactivated polio vaccine,YES
LCA,Saint Lucia,AMR,2004.0,YF,Yellow fever vaccine,YES
LCA,Saint Lucia,AMR,,RCV1,"Rubella-containing vaccine, 1st dose",NO
LIE,Liechtenstein,EUR,2022.0,ROTA,Rotavirus vaccine,YES
LIE,Liechtenstein,EUR,2016.0,PCV,Pneumococcal conjugate vaccine,YES
LIE,Liechtenstein,EUR,2011.0,HPV,Human papillomavirus vaccine,YES
LIE,Liechtenstein,EUR,2019.0,HEPB_BD,Hepatitis B birth dose,YES
LIE,Liechtenstein,EUR,,IPV,Inactivated polio vaccine,NO
LIE,Liechtenstein,EUR,,RCV1,"Rubella-containing vaccine, 1st dose",NO
LKA,Sri Lanka,SEAR,,ROTA,Rotavirus vaccine,NO
LKA,Sri Lanka,SEAR,,PCV,Pneumococcal conjugate vaccine,NO
LKA,Sri Lanka,SEAR,,HPV,Human papillomavirus vaccine,NO
LKA,Sri Lanka,SEAR,,HEPB_BD,Hepatitis B birth dose,NO
LKA,Sri Lanka,SEAR,,IPV,Inactivated polio vaccine,NO
LKA,Sri Lanka,SEAR,2005.0,JE,Japanese encephalitis vaccine,YES
LKA,Sri Lanka,SEAR,2016.0,RCV1,"Rubella-containing vaccine, 1st dose",YES
LSO,Lesotho,AFR,2005.0,ROTA,Rotavirus vaccine,YES
LSO,Lesotho,AFR,2007.0,PCV,Pneumococcal conjugate vaccine,YES
LSO,Lesotho,AFR,2006.0,HPV,Human papillomavirus vaccine,YES
LSO,Lesotho,AFR,2006.0,HEPB_BD,Hepatitis B birth dose,YES
LSO,Lesotho,AFR,,IPV,Inactivated polio vaccine,NO
LSO,Lesotho,AFR,,MENA,Meningococcal A conjugate vaccine,NO
LSO,Lesotho,AFR,2005.0,YF,Yellow fever vaccine,YES
LSO,Lesotho,AFR,2000.0,RCV1,"Rubella-containing vaccine, 1st dose",YES
LTU,Lithuania,EUR,,ROTA,Rotavirus vaccine,NO
LTU,Lithuania,EUR,,PCV,Pneumococcal conjugate vaccine,NO
LTU,Lithuania,EUR,2008.0,HPV,Human papillomavirus vaccine,YES
LTU,Lithuania,EUR,,HEPB_BD,Hepatitis B birth dose,NO
LTU,Lithuania,EUR,2002.0,IPV,Inactivated polio vaccine,YES
LTU,Lithuania,EUR,,RCV1,"Rubella-containing vaccine, 1st dose",NO
LUX,Luxembourg,EUR,2009.0,ROTA,Rotavirus vaccine,YES
LUX,Luxembourg,EUR,2000.0,PCV,Pneumococcal conjugate vaccine,YES
LUX,Luxembourg,EUR,2010.0,HPV,Human papillomavirus vaccine,YES
LUX,Luxembourg,EUR,,HEPB_BD,Hepatitis B birth dose,NO
LUX,Luxembourg,EUR,,IPV,Inactivated polio vaccine,NO
LUX,Luxembourg,EUR,2022.0,RCV1,"Rubella-containing vaccine, 1st dose",YES
LVA,Latvia,EUR,,ROTA,Rotavirus vaccine,NO
LVA,Latvia,EUR,2003.0,PCV,Pneumococcal conjugate vaccine,YES
LVA,Latvia,EUR,,HPV,Human papillomavirus vaccine,NO
LVA,Latvia,EUR,2010.0,HEPB_BD,Hepatitis B birth dose,YES
LVA,Latvia,EUR,,IPV,Inactivated polio vaccine,NO
LVA,Latvia,EUR,2002.0,RCV1,"Rubella-containing vaccine, 1st dose",YES
MAR,Morocco,EMR,2012.0,ROTA,Rotavirus vaccine,YES
MAR,Morocco,EMR,2013.0,PCV,Pneumococcal conjugate vaccine,YES
MAR,Morocco,EMR,2019.0,HPV,Human papillomavirus vaccine,YES
MAR,Morocco,EMR,,HEPB_BD,Hepatitis B birth dose,NO
MAR,Morocco,EMR,,IPV,Inactivated polio vaccine,NO
MAR,Morocco,EMR,2015.0,RCV1,"Rubella-containing vaccine, 1st dose",YES
MCO,Monaco,EUR,2016.0,ROTA,Rotavirus vaccine,YES
MCO,Monaco,EUR,,PCV,Pneumococcal conjugate vaccine,NO
MCO,Monaco,EUR,2017.0,HPV,Human papillomavirus vaccine,YES
MCO,Monaco,EUR,2004.0,HEPB_BD,Hepatitis B birth dose,YES
MCO,Monaco,EUR,2010.0,IPV,Inactivated polio vaccine,YES
MCO,Monaco,EUR,2018.0,RCV1,"Rubella-containing vaccine, 1st dose",YES
MDA,Republic of Moldova,EUR,,ROTA,Rotavirus vaccine,NO
MDA,Republic of Moldova,EUR,,PCV,Pneumococcal conjugate vaccine,NO
MDA,Republic of Moldova,EUR,,HPV,Human papillomavirus vaccine,NO
MDA,Republic of Moldova,EUR,2008.0,HEPB_BD,Hepatitis B birth dose,YES
MDA,Republic of Moldova,EUR,2005.0,IPV,Inactivated polio vaccine,YES
MDA,Republic of Moldova,EUR,,RCV1,"Rubella-containing vaccine, 1st dose",NO
MDG,Madagascar,AFR,2017.0,ROTA,Rotavirus vaccine,YES
MDG,Madagascar,AFR,,PCV,Pneumococcal conjugate vaccine,NO
MDG,Madagascar,AFR,2013.0,HPV,Human papillomavirus vaccine,YES
MDG,Madagascar,AFR,2021.0,HEPB_BD,Hepatitis B birth dose,YES
MDG,Madagascar,AFR,2007.0,IPV,Inactivated polio vaccine,YES
MDG,Madagascar,AFR,2012.0,MENA,Meningococcal A conjugate vaccine,YES
MDG,Madagascar,AFR,2005.0,YF,Yellow fever vaccine,YES
MDG,Madagascar,AFR,2000.0,RCV1,"Rubella-containing vaccine, 1st dose",YES
MDV,Maldives,SEAR,,ROTA,Rotavirus vaccine,NO
MDV,Maldives,SEAR,2008.0,PCV,Pneumococcal conjugate vaccine,YES
MDV,Maldives,SEAR,,HPV,Human papillomavirus vaccine,NO
MDV,Maldives,SEAR,2015.0,HEPB_BD,Hepatitis B birth dose,YES
MDV,Maldives,SEAR,2001.0,IPV,Inactivated polio vaccine,YES
MDV,Maldives,SEAR,,JE,Japanese encephalitis vaccine,NO
MDV,Maldives,SEAR,2020.0,RCV1,"Rubella-containing vaccine, 1st dose",YES
MEX,Mexico,AMR,,ROTA,Rotavirus vaccine,NO
MEX,Mexico,AMR,2010.0,PCV,Pneumococcal conjugate vaccine,YES
MEX,Mexico,AMR,,HPV,Human papillomavirus vaccine,NO
MEX,Mexico,AMR,2009.0,HEPB_BD,Hepatitis B birth dose,YES
MEX,Mexico,AMR,,IPV,Inactivated polio vaccine,NO
MEX,Mexico,AMR,2012.0,YF,Yellow fever vaccine,YES
MEX,Mexico,AMR,2018.0,RCV1,"Rubella-containing vaccine, 1st dose",YES
MHL,Marshall Islands,WPR,2009.0,ROTA,Rotavirus vaccine,YES
MHL,Marshall Islands,WPR,2005.0,PCV,Pneumococcal conjugate vaccine,YES
MHL,Marshall Islands,WPR,,HPV,Human papillomavirus vaccine,NO
MHL,Marshall Islands,WPR,2018.0,HEPB_BD,Hepatitis B birth dose,YES
MHL,Marshall Islands,WPR,2002.0,IPV,Inactivated polio vaccine,YES
MHL,Marshall Islands,WPR,2001.0,JE,Japanese encephalitis vaccine,YES
MHL,Marshall Islands,WPR,2019.0,RCV1,"Rubella-containing vaccine, 1st dose",YES
MKD,North Macedonia,EUR,,ROTA,Rotavirus vaccine,NO
MKD,North Macedonia,EUR,2023.0,PCV,Pneumococcal conjugate vaccine,YES
MKD,North Macedonia,EUR,2015.0,HPV,Human papillomavirus vaccine,YES
MKD,North Macedonia,EUR,2004.0,HEPB_BD,Hepatitis B birth dose,YES
MKD,North Macedonia,EUR,,IPV,Inactivated polio vaccine,NO
MKD,North Macedonia,EUR,,RCV1,"Rubella-containing vaccine, 1st dose",NO
MLI,Mali,AFR,2021.0,ROTA,Rotavirus vaccine,YES
MLI,Mali,AFR,2011.0,PCV,Pneumococcal conjugate vaccine,YES
MLI,Mali,AFR,2015.0,HPV,Human papillomavirus vaccine,YES
MLI,Mali,AFR,,HEPB_BD,Hepatitis B birth dose,NO
MLI,Mali,AFR,2017.0,IPV,Inactivated polio vaccine,YES
MLI,Mali,AFR,,MENA,Meningococcal A conjugate vaccine,NO
MLI,Mali,AFR,2013.0,YF,Yellow fever vaccine,YES
MLI,Mali,AFR,2012.0,RCV1,"Rubella-containing vaccine, 1st dose",YES
MLT,Malta,EUR,2001.0,ROTA,Rotavirus vaccine,YES
MLT,Malta,EUR,2014.0,PCV,Pneumococcal conjugate vaccine,YES
MLT,Malta,EUR,2006.0,HPV,Human papillomavirus vaccine,YES
MLT,Malta,EUR,,HEPB_BD,Hepatitis B birth dose,NO
MLT,Malta,EUR,,IPV,Inactivated polio vaccine,NO
MLT,Malta,EUR,2003.0,RCV1,"Rubella-containing vaccine, 1st dose",YES
MMR,Myanmar,SEAR,2009.0,ROTA,Rotavirus vaccine,YES
MMR,Myanmar,SEAR,2003.0,PCV,Pneumococcal conjugate vaccine,YES
MMR,Myanmar,SEAR,2007.0,HPV,Human papillomavirus vaccine,YES
MMR,Myanmar,SEAR,2020.0,HEPB_BD,Hepatitis B birth dose,YES
MMR,Myanmar,SEAR,2001.0,IPV,Inactivated polio vaccine,YES
MMR,Myanmar,SEAR,2014.0,JE,Japanese encephalitis vaccine,YES
MMR,Myanmar,SEAR,2021.0,RCV1,"Rubella-containing vaccine, 1st dose",YES
MNE,Montenegro,EUR,2020.0,ROTA,Rotavirus vaccine,YES
MNE,Montenegro,EUR,2021.0,PCV,Pneumococcal conjugate vaccine,YES
MNE,Montenegro,EUR,2020.0,HPV,Human papillomavirus vaccine,YES
MNE,Montenegro,EUR,2022.0,HEPB_BD,Hepatitis B birth dose,YES
MNE,Montenegro,EUR,2011.0,IPV,Inactivated polio vaccine,YES
MNE,Montenegro,EUR,2014.0,RCV1,"Rubella-containing vaccine, 1st dose",YES
MNG,Mongolia,WPR,2000.0,ROTA,Rotavirus vaccine,YES
MNG,Mongolia,WPR,2005.0,PCV,Pneumococcal conjugate vaccine,YES
MNG,Mongolia,WPR,2002.0,HPV,Human papillomavirus vaccine,YES
MNG,Mongolia,WPR,2010.0,HEPB_BD,Hepatitis B birth dose,YES
MNG,Mongolia,WPR,2015.0,IPV,Inactivated polio vaccine,YES
MNG,Mongolia,WPR,2020.0,JE,Japanese encephalitis vaccine,YES
MNG,Mongolia,WPR,2005.0,RCV1,"Rubella-containing vaccine, 1st dose",YES
MNP,Northern Mariana Islands,WPR,2001.0,ROTA,Rotavirus vaccine,YES
MNP,Northern Mariana Islands,WPR,2022.0,PCV,Pneumococcal conjugate vaccine,YES
MNP,Northern Mariana Islands,WPR,2014.0,HPV,Human papillomavirus vaccine,YES
MNP,Northern Mariana Islands,WPR,,HEPB_BD,Hepatitis B birth dose,NO
MNP,Northern Mariana Islands,WPR,,IPV,Inactivated polio vaccine,NO
MNP,Northern Mariana Islands,WPR,2018.0,JE,Japanese encephalitis vaccine,YES
MNP,Northern Mariana Islands,WPR,2002.0,RCV1,"Rubella-containing vaccine, 1st dose",YES
MOZ,Mozambique,AFR,2009.0,ROTA,Rotavirus vaccine,YES
MOZ,Mozambique,AFR,,PCV,Pneumococcal conjugate vaccine,NO
MOZ,Mozambique,AFR,,HPV,Human papillomavirus vaccine,NO
MOZ,Mozambique,AFR,,HEPB_BD,Hepatitis B birth dose,NO
MOZ,Mozambique,AFR,2002.0,IPV,Inactivated polio vaccine,YES
MOZ,Mozambique,AFR,,MENA,Meningococcal A conjugate vaccine,NO
MOZ,Mozambique,AFR,2005.0,YF,Yellow fever vaccine,YES
MOZ,Mozambique,AFR,2009.0,RCV1,"Rubella-containing vaccine, 1st dose",YES
MRT,Mauritania,AFR,,ROTA,Rotavirus vaccine,NO
MRT,Mauritania,AFR,2021.0,PCV,Pneumococcal conjugate vaccine,YES
MRT,Mauritania,AFR,2019.0,HPV,Human papillomavirus vaccine,YES
MRT,Mauritania,AFR,,HEPB_BD,Hepatitis B birth dose,NO
MRT,Mauritania,AFR,2012.0,IPV,Inactivated polio vaccine,YES
MRT,Mauritania,AFR,,MENA,Meningococcal A conjugate vaccine,NO
MRT,Mauritania,AFR,2011.0,YF,Yellow fever vaccine,YES
MRT,Mauritania,AFR,2019.0,RCV1,"Rubella-containing vaccine, 1st dose",YES
MSR,Montserrat,AMR,2014.0,ROTA,Rotavirus vaccine,YES
MSR,Montserrat,AMR,2005.0,PCV,Pneumococcal conjugate vaccine,YES
MSR,Montserrat,AMR,2004.0,HPV,Human papillomavirus vaccine,YES
MSR,Montserrat,AMR,,HEPB_BD,Hepatitis B birth dose,NO
MSR,Montserrat,AMR,2013.0,IPV,Inactivated polio vaccine,YES
MSR,Montserrat,AMR,2008.0,YF,Yellow fever vaccine,YES
MSR,Montserrat,AMR,2019.0,RCV1,"Rubella-containing vaccine, 1st dose",YES
MTQ,Martinique,AMR,,ROTA,Rotavirus vaccine,NO
MTQ,Martinique,AMR,,PCV,Pneumococcal conjugate vaccine,NO
MTQ,Martinique,AMR,2015.0,HPV,Human papillomavirus vaccine,YES
MTQ,Martinique,AMR,2006.0,HEPB_BD,Hepatitis B birth dose,YES
MTQ,Martinique,AMR,2010.0,IPV,Inactivated polio vaccine,YES
MTQ,Martinique,AMR,2006.0,YF,Yellow fever vaccine,YES
MTQ,Martinique,AMR,2015.0,RCV1,"Rubella-containing vaccine, 1st dose",YES
MUS,Mauritius,AFR,2023.0,ROTA,Rotavirus vaccine,YES
MUS,Mauritius,AFR,2008.0,PCV,Pneumococcal conjugate vaccine,YES
MUS,Mauritius,AFR,2007.0,HPV,Human papillomavirus vaccine,YES
MUS,Mauritius,AFR,,HEPB_BD,Hepatitis B birth dose,NO
MUS,Mauritius,AFR,2003.0,IPV,Inactivated polio vaccine,YES
MUS,Mauritius,AFR,2018.0,MENA,Meningococcal A conjugate vaccine,YES
MUS,Mauritius,AFR,,YF,Yellow fever vaccine,NO
MUS,Mauritius,AFR,2013.0,RCV1,"Rubella-containing vaccine, 1st dose",YES
MWI,Malawi,AFR,,ROTA,Rotavirus vaccine,NO
MWI,Malawi,AFR,,PCV,Pneumococcal conjugate vaccine,NO
MWI,Malawi,AFR,2002.0,HPV,Human papillomavirus vaccine,YES
MWI,Malawi,AFR,2016.0,HEPB_BD,Hepatitis B birth dose,YES
MWI,Malawi,AFR,,IPV,Inactivated polio vaccine,NO
MWI,Malawi,AFR,2002.0,MENA,Meningococcal A conjugate vaccine,YES
MWI,Malawi,AFR,2022.0,YF,Yellow fever vaccine,YES
MWI,Malawi,AFR,2014.0,RCV1,"Rubella-containing vaccine, 1st dose",YES
MYS,Malaysia,WPR,2000.0,ROTA,Rotavirus vaccine,YES
MYS,Malaysia,WPR,2001.0,PCV,Pneumococcal conjugate vaccine,YES
MYS,Malaysia,WPR,,HPV,Human papillomavirus vaccine,NO
MYS,Malaysia,WPR,,HEPB_BD,Hepatitis B birth dose,NO
MYS,Malaysia,WPR,2000.0,IPV,Inactivated polio vaccine,YES
MYS,Malaysia,WPR,2010.0,JE,Japanese encephalitis vaccine,YES
MYS,Malaysia,WPR,,RCV1,"Rubella-containing vaccine, 1st dose",NO
MYT,Mayotte,AFR,2000.0,ROTA,Rotavirus vaccine,YES
MYT,Mayotte,AFR,,PCV,Pneumococcal conjugate vaccine,NO
MYT,Mayotte,AFR,2020.0,HPV,Human papillomavirus vaccine,YES
MYT,Mayotte,AFR,2013.0,HEPB_BD,Hepatitis B birth dose,YES
MYT,Mayotte,AFR,2010.0,IPV,Inactivated polio vaccine,YES
MYT,Mayotte,AFR,2018.0,MENA,Meningococcal A conjugate vaccine,YES
MYT,Mayotte,AFR,2005.0,YF,Yellow fever vaccine,YES
MYT,Mayotte,AFR,,RCV1,"Rubella-containing vaccine, 1st dose",NO
NAM,Namibia,AFR,,ROTA,Rotavirus vaccine,NO
NAM,Namibia,AFR,2023.0,PCV,Pneumococcal conjugate vaccine,YES
NAM,Namibia,AFR,2023.0,HPV,Human papillomavirus vaccine,YES
NAM,Namibia,AFR,2021.0,HEPB_BD,Hepatitis B birth dose,YES
NAM,Namibia,AFR,2009.0,IPV,Inactivated polio vaccine,YES
NAM,Namibia,AFR,2019.0,MENA,Meningococcal A conjugate vaccine,YES
NAM,Namibia,AFR,2015.0,YF,Yellow fever vaccine,YES
NAM,Namibia,AFR,2023.0,RCV1,"Rubella-containing vaccine, 1st dose",YES
NCL,New Caledonia,WPR,2022.0,ROTA,Rotavirus vaccine,YES
NCL,New Caledonia,WPR,2008.0,PCV,Pneumococcal conjugate vaccine,YES
NCL,New Caledonia,WPR,2021.0,HPV,Human papillomavirus vaccine,YES
NCL,New Caledonia,WPR,,HEPB_BD,Hepatitis B birth dose,NO
NCL,New Caledonia,WPR,2019.0,IPV,Inactivated polio vaccine,YES
NCL,New Caledonia,WPR,2017.0,JE,Japanese encephalitis vaccine,YES
NCL,New Caledonia,WPR,2020.0,RCV1,"Rubella-containing vaccine, 1st dose",YES
NER,Niger,AFR,2012.0,ROTA,Rotavirus vaccine,YES
NER,Niger,AFR,2011.0,PCV,Pneumococcal conjugate vaccine,YES
NER,Niger,AFR,2015.0,HPV,Human papillomavirus vaccine,YES
NER,Niger,AFR,2016.0,HEPB_BD,Hepatitis B birth dose,YES
NER,Niger,AFR,2003.0,IPV,Inactivated polio vaccine,YES
NER,Niger,AFR,2000.0,MENA,Meningococcal A conjugate vaccine,YES
NER,Niger,AFR,2022.0,YF,Yellow fever vaccine,YES
NER,Niger,AFR,2005.0,RCV1,"Rubella-containing vaccine, 1st dose",YES
NGA,Nigeria,AFR,2011.0,ROTA,Rotavirus vaccine,YES
NGA,Nigeria,AFR,2008.0,PCV,Pneumococcal conjugate vaccine,YES
NGA,Nigeria,AFR,,HPV,Human papillomavirus vaccine,NO
NGA,Nigeria,AFR,2005.0,HEPB_BD,Hepatitis B birth dose,YES
NGA,Nigeria,AFR,,IPV,Inactivated polio vaccine,NO
NGA,Nigeria,AFR,2019.0,MENA,Meningococcal A conjugate vaccine,YES
NGA,Nigeria,AFR,2023.0,YF,Yellow fever vaccine,YES
NGA,Nigeria,AFR,2020.0,RCV1,"Rubella-containing vaccine, 1st dose",YES
NIC,Nicaragua,AMR,2003.0,ROTA,Rotavirus vaccine,YES
NIC,Nicaragua,AMR,2010.0,PCV,Pneumococcal conjugate vaccine,YES
NIC,Nicaragua,AMR,2008.0,HPV,Human papillomavirus vaccine,YES
NIC,Nicaragua,AMR,,HEPB_BD,Hepatitis B birth dose,NO
NIC,Nicaragua,AMR,2023.0,IPV,Inactivated polio vaccine,YES
NIC,Nicaragua,AMR,2013.0,YF,Yellow fever vaccine,YES
NIC,Nicaragua,AMR,,RCV1,"Rubella-containing vaccine, 1st dose",NO
NIU,Niue,WPR,2007.0,ROTA,Rotavirus vaccine,YES
NIU,Niue,WPR,,PCV,Pneumococcal conjugate vaccine,NO
NIU,Niue,WPR,,HPV,Human papillomavirus vaccine,NO
NIU,Niue,WPR,2006.0,HEPB_BD,Hepatitis B birth dose,YES
NIU,Niue,WPR,,IPV,Inactivated polio vaccine,NO
NIU,Niue,WPR,2001.0,JE,Japanese encephalitis vaccine,YES
NIU,Niue,WPR,2001.0,RCV1,"Rubella-containing vaccine, 1st dose",YES
NLD,Netherlands (Kingdom of the),EUR,2021.0,ROTA,Rotavirus vaccine,YES
NLD,Netherlands (Kingdom of the),EUR,2019.0,PCV,Pneumococcal conjugate vaccine,YES
NLD,Netherlands (Kingdom of the),EUR,2010.0,HPV,Human papillomavirus vaccine,YES
NLD,Netherlands (Kingdom of the),EUR,,HEPB_BD,Hepatitis B birth dose,NO
NLD,Netherlands (Kingdom of the),EUR,2018.0,IPV,Inactivated polio vaccine,YES
NLD,Netherlands (Kingdom of the),EUR,2004.0,RCV1,"Rubella-containing vaccine, 1st dose",YES
NOR,Norway,EUR,,ROTA,Rotavirus vaccine,NO
NOR,Norway,EUR,2016.0,PCV,Pneumococcal conjugate vaccine,YES
NOR,Norway,EUR,2020.0,HPV,Human papillomavirus vaccine,YES
NOR,Norway,EUR,,HEPB_BD,Hepatitis B birth dose,NO
NOR,Norway,EUR,,IPV,Inactivated polio vaccine,NO
NOR,Norway,EUR,,RCV1,"Rubella-containing vaccine, 1st dose",NO
NPL,Nepal,SEAR,,ROTA,Rotavirus vaccine,NO
NPL,Nepal,SEAR,2022.0,PCV,Pneumococcal conjugate vaccine,YES
NPL,Nepal,SEAR,2019.0,HPV,Human papillomavirus vaccine,YES
NPL,Nepal,SEAR,2023.0,HEPB_BD,Hepatitis B birth dose,YES
NPL,Nepal,SEAR,,IPV,Inactivated polio vaccine,NO
NPL,Nepal,SEAR,2021.0,JE,Japanese encephalitis vaccine,YES
NPL,Nepal,SEAR,2010.0,RCV1,"Rubella-containing vaccine, 1st dose",YES
NRU,Naoero,WPR,2010.0,ROTA,Rotavirus vaccine,YES
NRU,Naoero,WPR,2004.0,PCV,Pneumococcal conjugate vaccine,YES
NRU,Naoero,WPR,2009.0,HPV,Human papillomavirus vaccine,YES
NRU,Naoero,WPR,2013.0,HEPB_BD,Hepatitis B birth dose,YES
NRU,Naoero,WPR,2018.0,IPV,Inactivated polio vaccine,YES
NRU,Naoero,WPR,,JE,Japanese encephalitis vaccine,NO
NRU,Naoero,WPR,2002.0,RCV1,"Rubella-containing vaccine, 1st dose",YES
NZL,New Zealand,WPR,2000.0,ROTA,Rotavirus vaccine,YES
NZL,New Zealand,WPR,2006.0,PCV,Pneumococcal conjugate vaccine,YES
NZL,New Zealand,WPR,2023.0,HPV,Human papillomavirus vaccine,YES
NZL,New Zealand,WPR,2015.0,HEPB_BD,Hepatitis B birth dose,YES
NZL,New Zealand,WPR,,IPV,Inactivated polio vaccine,NO
NZL,New Zealand,WPR,2022.0,JE,Japanese encephalitis vaccine,YES
NZL,New Zealand,WPR,2008.0,RCV1,"Rubella-containing vaccine, 1st dose",YES
OMN,Oman,EMR,2003.0,ROTA,Rotavirus vaccine,YES
OMN,Oman,EMR,2003.0,PCV,Pneumococcal conjugate vaccine,YES
OMN,Oman,EMR,,HPV,Human papillomavirus vaccine,NO
OMN,Oman,EMR,2013.0,HEPB_BD,Hepatitis B birth dose,YES
OMN,Oman,EMR,2019.0,IPV,Inactivated polio vaccine,YES
OMN,Oman,EMR,,RCV1,"Rubella-containing vaccine, 1st dose",NO
PAK,Pakistan,EMR,2004.0,ROTA,Rotavirus vaccine,YES
PAK,Pakistan,EMR,,PCV,Pneumococcal conjugate vaccine,NO
PAK,Pakistan,EMR,,HPV,Human papillomavirus vaccine,NO
PAK,Pakistan,EMR,2002.0,HEPB_BD,Hepatitis B birth dose,YES
PAK,Pakistan,EMR,2002.0,IPV,Inactivated polio vaccine,YES
PAK,Pakistan,EMR,2014.0,RCV1,"Rubella-containing vaccine, 1st dose",YES
PAN,Panama,AMR,2022.0,ROTA,Rotavirus vaccine,YES
PAN,Panama,AMR,,PCV,Pneumococcal conjugate vaccine,NO
PAN,Panama,AMR,2010.0,HPV,Human papillomavirus vaccine,YES
PAN,Panama,AMR,2004.0,HEPB_BD,Hepatitis B birth dose,YES
PAN,Panama,AMR,2004.0,IPV,Inactivated polio vaccine,YES
PAN,Panama,AMR,2016.0,YF,Yellow fever vaccine,YES
PAN,Panama,AMR,2018.0,RCV1,"Rubella-containing vaccine, 1st dose",YES
PER,Peru,AMR,2017.0,ROTA,Rotavirus vaccine,YES
PER,Peru,AMR,,PCV,Pneumococcal conjugate vaccine,NO
PER,Peru,AMR,2019.0,HPV,Human papillomavirus vaccine,YES
PER,Peru,AMR,2002.0,HEPB_BD,Hepatitis B birth dose,YES
PER,Peru,AMR,2000.0,IPV,Inactivated polio vaccine,YES
PER,Peru,AMR,2012.0,YF,Yellow fever vaccine,YES
PER,Peru,AMR,,RCV1,"Rubella-containing vaccine, 1st dose",NO
PHL,Philippines,WPR,2012.0,ROTA,Rotavirus vaccine,YES
PHL,Philippines,WPR,2011.0,PCV,Pneumococcal conjugate vaccine,YES
PHL,Philippines,WPR,2017.0,HPV,Human papillomavirus vaccine,YES
PHL,Philippines,WPR,2014.0,HEPB_BD,Hepatitis B birth dose,YES
PHL,Philippines,WPR,2014.0,IPV,Inactivated polio vaccine,YES
PHL,Philippines,WPR,,JE,Japanese encephalitis vaccine,NO
PHL,Philippines,WPR,2001.0,RCV1,"Rubella-containing vaccine, 1st dose",YES
PLW,Palau,WPR,,ROTA,Rotavirus vaccine,NO
PLW,Palau,WPR,2017.0,PCV,Pneumococcal conjugate vaccine,YES
PLW,Palau,WPR,,HPV,Human papillomavirus vaccine,NO
PLW,Palau,WPR,2001.0,HEPB_BD,Hepatitis B birth dose,YES
PLW,Palau,WPR,,IPV,Inactivated polio vaccine,NO
PLW,Palau,WPR,2010.0,JE,Japanese encephalitis vaccine,YES
PLW,Palau,WPR,,RCV1,"Rubella-containing vaccine, 1st dose",NO
PNG,Papua New Guinea,WPR,2015.0,ROTA,Rotavirus vaccine,YES
PNG,Papua New Guinea,WPR,2010.0,PCV,Pneumococcal conjugate vaccine,YES
PNG,Papua New Guinea,WPR,2015.0,HPV,Human papillomavirus vaccine,YES
PNG,Papua New Guinea,WPR,,HEPB_BD,Hepatitis B birth dose,NO
PNG,Papua New Guinea,WPR,2014.0,IPV,Inactivated polio vaccine,YES
PNG,Papua New Guinea,WPR,,JE,Japanese encephalitis vaccine,NO
PNG,Papua New Guinea,WPR,2010.0,RCV1,"Rubella-containing vaccine, 1st dose",YES
POL,Poland,EUR,,ROTA,Rotavirus vaccine,NO
POL,Poland,EUR,2012.0,PCV,Pneumococcal conjugate vaccine,YES
POL,Poland,EUR,,HPV,Human papillomavirus vaccine,NO
POL,Poland,EUR,2005.0,HEPB_BD,Hepatitis B birth dose,YES
POL,Poland,EUR,2008.0,IPV,Inactivated polio vaccine,YES
POL,Poland,EUR,,RCV1,"Rubella-containing vaccine, 1st dose",NO
PRI,Puerto Rico,AMR,,ROTA,Rotavirus vaccine,NO
PRI,Puerto Rico,AMR,2015.0,PCV,Pneumococcal conjugate vaccine,YES
PRI,Puerto Rico,AMR,2002.0,HPV,Human papillomavirus vaccine,YES
PRI,Puerto Rico,AMR,2022.0,HEPB_BD,Hepatitis B birth dose,YES
PRI,Puerto Rico,AMR,2009.0,IPV,Inactivated polio vaccine,YES
PRI,Puerto Rico,AMR,2006.0,YF,Yellow fever vaccine,YES
PRI,Puerto Rico,AMR,,RCV1,"Rubella-containing vaccine, 1st dose",NO
PRK,Democratic People's Republic of Korea,SEAR,,ROTA,Rotavirus vaccine,NO
PRK,Democratic People's Republic of Korea,SEAR,2020.0,PCV,Pneumococcal conjugate vaccine,YES
PRK,Democratic People's Republic of Korea,SEAR,2004.0,HPV,Human papillomavirus vaccine,YES
PRK,Democratic People's Republic of Korea,SEAR,2019.0,HEPB_BD,Hepatitis B birth dose,YES
PRK,Democratic People's Republic of Korea,SEAR,2003.0,IPV,Inactivated polio vaccine,YES
PRK,Democratic People's Republic of Korea,SEAR,2009.0,JE,Japanese encephalitis vaccine,YES
PRK,Democratic People's Republic of Korea,SEAR,2003.0,RCV1,"Rubella-containing vaccine, 1st dose",YES
PRT,Portugal,EUR,2003.0,ROTA,Rotavirus vaccine,YES
PRT,Portugal,EUR,2001.0,PCV,Pneumococcal conjugate vaccine,YES
PRT,Portugal,EUR,,HPV,Human papillomavirus vaccine,NO
PRT,Portugal,EUR,,HEPB_BD,Hepatitis B birth dose,NO
PRT,Portugal,EUR,,IPV,Inactivated polio vaccine,NO
PRT,Portugal,EUR,2010.0,RCV1,"Rubella-containing vaccine, 1st dose",YES
PRY,Paraguay,AMR,2019.0,ROTA,Rotavirus vaccine,YES
PRY,Paraguay,AMR,2004.0,PCV,Pneumococcal conjugate vaccine,YES
PRY,Paraguay,AMR,2004.0,HPV,Human papillomavirus vaccine,YES
PRY,Paraguay,AMR,2017.0,HEPB_BD,Hepatitis B birth dose,YES
PRY,Paraguay,AMR,,IPV,Inactivated polio vaccine,NO
PRY,Paraguay,AMR,2005.0,YF,Yellow fever vaccine,YES
PRY,Paraguay,AMR,2008.0,RCV1,"Rubella-containing vaccine, 1st dose",YES
PSE,"occupied Palestinian territory, including east Jerusalem",EMR,2003.0,ROTA,Rotavirus vaccine,YES
PSE,"occupied Palestinian territory, including east Jerusalem",EMR,2020.0,PCV,Pneumococcal conjugate vaccine,YES
PSE,"occupied Palestinian territory, including east Jerusalem",EMR,2008.0,HPV,Human papillomavirus vaccine,YES
PSE,"occupied Palestinian territory, including east Jerusalem",EMR,,HEPB_BD,Hepatitis B birth dose,NO
PSE,"occupied Palestinian territory, including east Jerusalem",EMR,,IPV,Inactivated polio vaccine,NO
PSE,"occupied Palestinian territory, including east Jerusalem",EMR,2015.0,RCV1,"Rubella-containing vaccine, 1st dose",YES
PYF,French Polynesia,WPR,,ROTA,Rotavirus vaccine,NO
PYF,French Polynesia,WPR,,PCV,Pneumococcal conjugate vaccine,NO
PYF,French Polynesia,WPR,2015.0,HPV,Human papillomavirus vaccine,YES
PYF,French Polynesia,WPR,,HEPB_BD,Hepatitis B birth dose,NO
PYF,French Polynesia,WPR,,IPV,Inactivated polio vaccine,NO
PYF,French Polynesia,WPR,,JE,Japanese encephalitis vaccine,NO
PYF,French Polynesia,WPR,2018.0,RCV1,"Rubella-containing vaccine, 1st dose",YES
QAT,Qatar,EMR,2001.0,ROTA,Rotavirus vaccine,YES
QAT,Qatar,EMR,2011.0,PCV,Pneumococcal conjugate vaccine,YES
QAT,Qatar,EMR,2011.0,HPV,Human papillomavirus vaccine,YES
QAT,Qatar,EMR,2018.0,HEPB_BD,Hepatitis B birth dose,YES
QAT,Qatar,EMR,,IPV,Inactivated polio vaccine,NO
QAT,Qatar,EMR,2013.0,RCV1,"Rubella-containing vaccine, 1st dose",YES
REU,Reunion,AFR,2004.0,ROTA,Rotavirus vaccine,YES
REU,Reunion,AFR,,PCV,Pneumococcal conjugate vaccine,NO
REU,Reunion,AFR,,HPV,Human papillomavirus vaccine,NO
REU,Reunion,AFR,,HEPB_BD,Hepatitis B birth dose,NO
REU,Reunion,AFR,,IPV,Inactivated polio vaccine,NO
REU,Reunion,AFR,2019.0,MENA,Meningococcal A conjugate vaccine,YES
REU,Reunion,AFR,2017.0,YF,Yellow fever vaccine,YES
REU,Reunion,AFR,2006.0,RCV1,"Rubella-containing vaccine, 1st dose",YES
ROU,Romania,EUR,,ROTA,Rotavirus vaccine,NO
ROU,Romania,EUR,2023.0,PCV,Pneumococcal conjugate vaccine,YES
ROU,Romania,EUR,2013.0,HPV,Human papillomavirus vaccine,YES
ROU,Romania,EUR,2005.0,HEPB_BD,Hepatitis B birth dose,YES
ROU,Romania,EUR,2004.0,IPV,Inactivated polio vaccine,YES
ROU,Romania,EUR,,RCV1,"Rubella-containing vaccine, 1st dose",NO
RUS,Russian Federation,EUR,2001.0,ROTA,Rotavirus vaccine,YES
RUS,Russian Federation,EUR,2020.0,PCV,Pneumococcal conjugate vaccine,YES
RUS,Russian Federation,EUR,2017.0,HPV,Human papillomavirus vaccine,YES
RUS,Russian Federation,EUR,,HEPB_BD,Hepatitis B birth dose,NO
RUS,Russian Federation,EUR,2004.0,IPV,Inactivated polio vaccine,YES
RUS,Russian Federation,EUR,,RCV1,"Rubella-containing vaccine, 1st dose",NO
RWA,Rwanda,AFR,2007.0,ROTA,Rotavirus vaccine,YES
RWA,Rwanda,AFR,,PCV,Pneumococcal conjugate vaccine,NO
RWA,Rwanda,AFR,2016.0,HPV,Human papillomavirus vaccine,YES
RWA,Rwanda,AFR,2008.0,HEPB_BD,Hepatitis B birth dose,YES
RWA,Rwanda,AFR,2023.0,IPV,Inactivated polio vaccine,YES
RWA,Rwanda,AFR,2023.0,MENA,Meningococcal A conjugate vaccine,YES
RWA,Rwanda,AFR,2010.0,YF,Yellow fever vaccine,YES
RWA,Rwanda,AFR,,RCV1,"Rubella-containing vaccine, 1st dose",NO
SAU,Saudi Arabia,EMR,,ROTA,Rotavirus vaccine,NO
SAU,Saudi Arabia,EMR,2017.0,PCV,Pneumococcal conjugate vaccine,YES
SAU,Saudi Arabia,EMR,2020.0,HPV,Human papillomavirus vaccine,YES
SAU,Saudi Arabia,EMR,2013.0,HEPB_BD,Hepatitis B birth dose,YES
SAU,Saudi Arabia,EMR,,IPV,Inactivated polio vaccine,NO
SAU,Saudi Arabia,EMR,2013.0,RCV1,"Rubella-containing vaccine, 1st dose",YES
SDN,Sudan,EMR,2021.0,ROTA,Rotavirus vaccine,YES
SDN,Sudan,EMR,,PCV,Pneumococcal conjugate vaccine,NO
SDN,Sudan,EMR,2012.0,HPV,Human papillomavirus vaccine,YES
SDN,Sudan,EMR,2008.0,HEPB_BD,Hepatitis B birth dose,YES
SDN,Sudan,EMR,2017.0,IPV,Inactivated polio vaccine,YES
SDN,Sudan,EMR,2004.0,RCV1,"Rubella-containing vaccine, 1st dose",YES
SDN736,Sudan (former),EMR,2004.0,ROTA,Rotavirus vaccine,YES
SDN736,Sudan (former),EMR,2017.0,PCV,Pneumococcal conjugate vaccine,YES
SDN736,Sudan (former),EMR,2020.0,HPV,Human papillomavirus vaccine,YES
SDN736,Sudan (former),EMR,2003.0,HEPB_BD,Hepatitis B birth dose,YES
SDN736,Sudan (former),EMR,2023.0,IPV,Inactivated polio vaccine,YES
SDN736,Sudan (former),EMR,2005.0,RCV1,"Rubella-containing vaccine, 1st dose",YES
SEN,Senegal,AFR,2022.0,ROTA,Rotavirus vaccine,YES
SEN,Senegal,AFR,,PCV,Pneumococcal conjugate vaccine,NO
SEN,Senegal,AFR,,HPV,Human papillomavirus vaccine,NO
SEN,Senegal,AFR,2009.0,HEPB_BD,Hepatitis B birth dose,YES
SEN,Senegal,AFR,2011.0,IPV,Inactivated polio vaccine,YES
SEN,Senegal,AFR,2009.0,MENA,Meningococcal A conjugate vaccine,YES
SEN,Senegal,AFR,2011.0,YF,Yellow fever vaccine,YES
SEN,Senegal,AFR,,RCV1,"Rubella-containing vaccine, 1st dose",NO
SGP,Singapore,WPR,,ROTA,Rotavirus vaccine,NO
SGP,Singapore,WPR,,PCV,Pneumococcal conjugate vaccine,NO
SGP,Singapore,WPR,2014.0,HPV,Human papillomavirus vaccine,YES
SGP,Singapore,WPR,2006.0,HEPB_BD,Hepatitis B birth dose,YES
SGP,Singapore,WPR,2000.0,IPV,Inactivated polio vaccine,YES
SGP,Singapore,WPR,2022.0,JE,Japanese encephalitis vaccine,YES
SGP,Singapore,WPR,2009.0,RCV1,"Rubella-containing vaccine, 1st dose",YES
SHN,"St Helena, Ascension and Tristan da Cunha",AFR,2020.0,ROTA,Rotavirus vaccine,YES
SHN,"St Helena, Ascension and Tristan da Cunha",AFR,2002.0,PCV,Pneumococcal conjugate vaccine,YES
SHN,"St Helena, Ascension and Tristan da Cunha",AFR,2003.0,HPV,Human papillomavirus vaccine,YES
SHN,"St Helena, Ascension and Tristan da Cunha",AFR,,HEPB_BD,Hepatitis B birth dose,NO
SHN,"St Helena, Ascension and Tristan da Cunha",AFR,2009.0,IPV,Inactivated polio vaccine,YES
SHN,"St Helena, Ascension and Tristan da Cunha",AFR,,MENA,Meningococcal A conjugate vaccine,NO
SHN,"St Helena, Ascension and Tristan da Cunha",AFR,,YF,Yellow fever vaccine,NO
SHN,"St Helena, Ascension and Tristan da Cunha",AFR,2022.0,RCV1,"Rubella-containing vaccine, 1st dose",YES
SLB,Solomon Islands,WPR,2020.0,ROTA,Rotavirus vaccine,YES
SLB,Solomon Islands,WPR,2020.0,PCV,Pneumococcal conjugate vaccine,YES
SLB,Solomon Islands,WPR,2012.0,HPV,Human papillomavirus vaccine,YES
SLB,Solomon Islands,WPR,2018.0,HEPB_BD,Hepatitis B birth dose,YES
SLB,Solomon Islands,WPR,,IPV,Inactivated polio vaccine,NO
SLB,Solomon Islands,WPR,,JE,Japanese encephalitis vaccine,NO
SLB,Solomon Islands,WPR,,RCV1,"Rubella-containing vaccine, 1st dose",NO
SLE,Sierra Leone,AFR,2001.0,ROTA,Rotavirus vaccine,YES
SLE,Sierra Leone,AFR,2021.0,PCV,Pneumococcal conjugate vaccine,YES
SLE,Sierra Leone,AFR,,HPV,Human papillomavirus vaccine,NO
SLE,Sierra Leone,AFR,,HEPB_BD,Hepatitis B birth dose,NO
SLE,Sierra Leone,AFR,,IPV,Inactivated polio vaccine,NO
SLE,Sierra Leone,AFR,2010.0,MENA,Meningococcal A conjugate vaccine,YES
SLE,Sierra Leone,AFR,2002.0,YF,Yellow fever vaccine,YES
SLE,Sierra Leone,AFR,2016.0,RCV1,"Rubella-containing vaccine, 1st dose",YES
SLV,El Salvador,AMR,2012.0,ROTA,Rotavirus vaccine,YES
SLV,El Salvador,AMR,2019.0,PCV,Pneumococcal conjugate vaccine,YES
SLV,El Salvador,AMR,,HPV,Human papillomavirus vaccine,NO
SLV,El Salvador,AMR,2018.0,HEPB_BD,Hepatitis B birth dose,YES
SLV,El Salvador,AMR,,IPV,Inactivated polio vaccine,NO
SLV,El Salvador,AMR,2006.0,YF,Yellow fever vaccine,YES
SLV,El Salvador,AMR,2012.0,RCV1,"Rubella-containing vaccine, 1st dose",YES
SMR,San Marino,EUR,,ROTA,Rotavirus vaccine,NO
SMR,San Marino,EUR,,PCV,Pneumococcal conjugate vaccine,NO
SMR,San Marino,EUR,,HPV,Human papillomavirus vaccine,NO
SMR,San Marino,EUR,,HEPB_BD,Hepatitis B birth dose,NO
SMR,San Marino,EUR,,IPV,Inactivated polio vaccine,NO
SMR,San Marino,EUR,2008.0,RCV1,"Rubella-containing vaccine, 1st dose",YES
SOM,Somalia,EMR,2015.0,ROTA,Rotavirus vaccine,YES
SOM,Somalia,EMR,,PCV,Pneumococcal conjugate vaccine,NO
SOM,Somalia,EMR,2014.0,HPV,Human papillomavirus vaccine,YES
SOM,Somalia,EMR,,HEPB_BD,Hepatitis B birth dose,NO
SOM,Somalia,EMR,2009.0,IPV,Inactivated polio vaccine,YES
SOM,Somalia,EMR,,RCV1,"Rubella-containing vaccine, 1st dose",NO
SPM,Saint Pierre and Miquelon,AMR,2014.0,ROTA,Rotavirus vaccine,YES
SPM,Saint Pierre and Miquelon,AMR,,PCV,Pneumococcal conjugate vaccine,NO
SPM,Saint Pierre and Miquelon,AMR,2023.0,HPV,Human papillomavirus vaccine,YES
SPM,Saint Pierre and Miquelon,AMR,,HEPB_BD,Hepatitis B birth dose,NO
SPM,Saint Pierre and Miquelon,AMR,2005.0,IPV,Inactivated polio vaccine,YES
SPM,Saint Pierre and Miquelon,AMR,2014.0,YF,Yellow fever vaccine,YES
SPM,Saint Pierre and Miquelon,AMR,,RCV1,"Rubella-containing vaccine, 1st dose",NO
SRB,Serbia,EUR,2010.0,ROTA,Rotavirus vaccine,YES
SRB,Serbia,EUR,2005.0,PCV,Pneumococcal conjugate vaccine,YES
SRB,Serbia,EUR,2014.0,HPV,Human papillomavirus vaccine,YES
SRB,Serbia,EUR,2011.0,HEPB_BD,Hepatitis B birth dose,YES
SRB,Serbia,EUR,2019.0,IPV,Inactivated polio vaccine,YES
SRB,Serbia,EUR,2020.0,RCV1,"Rubella-containing vaccine, 1st dose",YES
SSD,South Sudan,AFR,2009.0,ROTA,Rotavirus vaccine,YES
SSD,South Sudan,AFR,2022.0,PCV,Pneumococcal conjugate vaccine,YES
SSD,South Sudan,AFR,,HPV,Human papillomavirus vaccine,NO
SSD,South Sudan,AFR,2012.0,HEPB_BD,Hepatitis B birth dose,YES
SSD,South Sudan,AFR,,IPV,Inactivated polio vaccine,NO
SSD,South Sudan,AFR,,MENA,Meningococcal A conjugate vaccine,NO
SSD,South Sudan,AFR,2020.0,YF,Yellow fever vaccine,YES
SSD,South Sudan,AFR,2009.0,RCV1,"Rubella-containing vaccine, 1st dose",YES
STP,Sao Tome and Principe,AFR,2018.0,ROTA,Rotavirus vaccine,YES
STP,Sao Tome and Principe,AFR,2009.0,PCV,Pneumococcal conjugate vaccine,YES
STP,Sao Tome and Principe,AFR,,HPV,Human papillomavirus vaccine,NO
STP,Sao Tome and Principe,AFR,2000.0,HEPB_BD,Hepatitis B birth dose,YES
STP,Sao Tome and Principe,AFR,2008.0,IPV,Inactivated polio vaccine,YES
STP,Sao Tome and Principe,AFR,2017.0,MENA,Meningococcal A conjugate vaccine,YES
STP,Sao Tome and Principe,AFR,2002.0,YF,Yellow fever vaccine,YES
STP,Sao Tome and Principe,AFR,2010.0,RCV1,"Rubella-containing vaccine, 1st dose",YES
SUR,Suriname,AMR,2000.0,ROTA,Rotavirus vaccine,YES
SUR,Suriname,AMR,,PCV,Pneumococcal conjugate vaccine,NO
SUR,Suriname,AMR,2021.0,HPV,Human papillomavirus vaccine,YES
SUR,Suriname,AMR,2003.0,HEPB_BD,Hepatitis B birth dose,YES
SUR,Suriname,AMR,,IPV,Inactivated polio vaccine,NO
SUR,Suriname,AMR,,YF,Yellow fever vaccine,NO
SUR,Suriname,AMR,,RCV1,"Rubella-containing vaccine, 1st dose",NO
SVK,Slovakia,EUR,2003.0,ROTA,Rotavirus vaccine,YES
SVK,Slovakia,EUR,2006.0,PCV,Pneumococcal conjugate vaccine,YES
SVK,Slovakia,EUR,2005.0,HPV,Human papillomavirus vaccine,YES
SVK,Slovakia,EUR,2009.0,HEPB_BD,Hepatitis B birth dose,YES
SVK,Slovakia,EUR,,IPV,Inactivated polio vaccine,NO
SVK,Slovakia,EUR,2001.0,RCV1,"Rubella-containing vaccine, 1st dose",YES
SVN,Slovenia,EUR,2012.0,ROTA,Rotavirus vaccine,YES
SVN,Slovenia,EUR,2019.0,PCV,Pneumococcal conjugate vaccine,YES
SVN,Slovenia,EUR,,HPV,Human papillomavirus vaccine,NO
SVN,Slovenia,EUR,2009.0,HEPB_BD,Hepatitis B birth dose,YES
SVN,Slovenia,EUR,2021.0,IPV,Inactivated polio vaccine,YES
SVN,Slovenia,EUR,2022.0,RCV1,"Rubella-containing vaccine, 1st dose",YES
SWE,Sweden,EUR,2017.0,ROTA,Rotavirus vaccine,YES
SWE,Sweden,EUR,2004.0,PCV,Pneumococcal conjugate vaccine,YES
SWE,Sweden,EUR,2011.0,HPV,Human papillomavirus vaccine,YES
SWE,Sweden,EUR,,HEPB_BD,Hepatitis B birth dose,NO
SWE,Sweden,EUR,2010.0,IPV,Inactivated polio vaccine,YES
SWE,Sweden,EUR,2003.0,RCV1,"Rubella-containing vaccine, 1st dose",YES
SWZ,Eswatini,AFR,,ROTA,Rotavirus vaccine,NO
SWZ,Eswatini,AFR,2022.0,PCV,Pneumococcal conjugate vaccine,YES
SWZ,Eswatini,AFR,,HPV,Human papillomavirus vaccine,NO
SWZ,Eswatini,AFR,2016.0,HEPB_BD,Hepatitis B birth dose,YES
SWZ,Eswatini,AFR,,IPV,Inactivated polio vaccine,NO
SWZ,Eswatini,AFR,2018.0,MENA,Meningococcal A conjugate vaccine,YES
SWZ,Eswatini,AFR,2005.0,YF,Yellow fever vaccine,YES
SWZ,Eswatini,AFR,,RCV1,"Rubella-containing vaccine, 1st dose",NO
SXM,Sint Maarten (Dutch part),AMR,2023.0,ROTA,Rotavirus vaccine,YES
SXM,Sint Maarten (Dutch part),AMR,2013.0,PCV,Pneumococcal conjugate vaccine,YES
SXM,Sint Maarten (Dutch part),AMR,2006.0,HPV,Human papillomavirus vaccine,YES
SXM,Sint Maarten (Dutch part),AMR,2014.0,HEPB_BD,Hepatitis B birth dose,YES
SXM,Sint Maarten (Dutch part),AMR,2022.0,IPV,Inactivated polio vaccine,YES
SXM,Sint Maarten (Dutch part),AMR,2003.0,YF,Yellow fever vaccine,YES
SXM,Sint Maarten (Dutch part),AMR,2013.0,RCV1,"Rubella-containing vaccine, 1st dose",YES
SYC,Seychelles,AFR,2016.0,ROTA,Rotavirus vaccine,YES
SYC,Seychelles,AFR,2001.0,PCV,Pneumococcal conjugate vaccine,YES
SYC,Seychelles,AFR,2009.0,HPV,Human papillomavirus vaccine,YES
SYC,Seychelles,AFR,2007.0,HEPB_BD,Hepatitis B birth dose,YES
SYC,Seychelles,AFR,,IPV,Inactivated polio vaccine,NO
SYC,Seychelles,AFR,2010.0,MENA,Meningococcal A conjugate vaccine,YES
SYC,Seychelles,AFR,,YF,Yellow fever vaccine,NO
SYC,Seychelles,AFR,2000.0,RCV1,"Rubella-containing vaccine, 1st dose",YES
SYR,Syrian Arab Republic,EMR,2018.0,ROTA,Rotavirus vaccine,YES
SYR,Syrian Arab Republic,EMR,2001.0,PCV,Pneumococcal conjugate vaccine,YES
SYR,Syrian Arab Republic,EMR,,HPV,Human papillomavirus vaccine,NO
SYR,Syrian Arab Republic,EMR,2014.0,HEPB_BD,Hepatitis B birth dose,YES
SYR,Syrian Arab Republic,EMR,2015.0,IPV,Inactivated polio vaccine,YES
SYR,Syrian Arab Republic,EMR,,RCV1,"Rubella-containing vaccine, 1st dose",NO
TCA,Turks and Caicos Islands,AMR,2014.0,ROTA,Rotavirus vaccine,YES
TCA,Turks and Caicos Islands,AMR,2016.0,PCV,Pneumococcal conjugate vaccine,YES
TCA,Turks and Caicos Islands,AMR,,HPV,Human papillomavirus vaccine,NO
TCA,Turks and Caicos Islands,AMR,2011.0,HEPB_BD,Hepatitis B birth dose,YES
TCA,Turks and Caicos Islands,AMR,2023.0,IPV,Inactivated polio vaccine,YES
TCA,Turks and Caicos Islands,AMR,2023.0,YF,Yellow fever vaccine,YES
TCA,Turks and Caicos Islands,AMR,2010.0,RCV1,"Rubella-containing vaccine, 1st dose",YES
TCD,Chad,AFR,2005.0,ROTA,Rotavirus vaccine,YES
TCD,Chad,AFR,2015.0,PCV,Pneumococcal conjugate vaccine,YES
TCD,Chad,AFR,,HPV,Human papillomavirus vaccine,NO
TCD,Chad,AFR,,HEPB_BD,Hepatitis B birth dose,NO
TCD,Chad,AFR,2010.0,IPV,Inactivated polio vaccine,YES
TCD,Chad,AFR,2023.0,MENA,Meningococcal A conjugate vaccine,YES
TCD,Chad,AFR,,YF,Yellow fever vaccine,NO
TCD,Chad,AFR,2003.0,RCV1,"Rubella-containing vaccine, 1st dose",YES
TGO,Togo,AFR,2004.0,ROTA,Rotavirus vaccine,YES
TGO,Togo,AFR,2007.0,PCV,Pneumococcal conjugate vaccine,YES
TGO,Togo,AFR,2006.0,HPV,Human papillomavirus vaccine,YES
TGO,Togo,AFR,2018.0,HEPB_BD,Hepatitis B birth dose,YES
TGO,Togo,AFR,,IPV,Inactivated polio vaccine,NO
TGO,Togo,AFR,2003.0,MENA,Meningococcal A conjugate vaccine,YES
TGO,Togo,AFR,,YF,Yellow fever vaccine,NO
TGO,Togo,AFR,,RCV1,"Rubella-containing vaccine, 1st dose",NO
THA,Thailand,SEAR,2018.0,ROTA,Rotavirus vaccine,YES
THA,Thailand,SEAR,2008.0,PCV,Pneumococcal conjugate vaccine,YES
THA,Thailand,SEAR,2006.0,HPV,Human papillomavirus vaccine,YES
THA,Thailand,SEAR,2018.0,HEPB_BD,Hepatitis B birth dose,YES
THA,Thailand,SEAR,,IPV,Inactivated polio vaccine,NO
THA,Thailand,SEAR,2023.0,JE,Japanese encephalitis vaccine,YES
THA,Thailand,SEAR,2017.0,RCV1,"Rubella-containing vaccine, 1st dose",YES
TJK,Tajikistan,EUR,,ROTA,Rotavirus vaccine,NO
TJK,Tajikistan,EUR,2020.0,PCV,Pneumococcal conjugate vaccine,YES
TJK,Tajikistan,EUR,2016.0,HPV,Human papillomavirus vaccine,YES
TJK,Tajikistan,EUR,2019.0,HEPB_BD,Hepatitis B birth dose,YES
TJK,Tajikistan,EUR,2005.0,IPV,Inactivated polio vaccine,YES
TJK,Tajikistan,EUR,,RCV1,"Rubella-containing vaccine, 1st dose",NO
TKL,Tokelau,WPR,,ROTA,Rotavirus vaccine,NO
TKL,Tokelau,WPR,,PCV,Pneumococcal conjugate vaccine,NO
TKL,Tokelau,WPR,2023.0,HPV,Human papillomavirus vaccine,YES
TKL,Tokelau,WPR,2015.0,HEPB_BD,Hepatitis B birth dose,YES
TKL,Tokelau,WPR,2013.0,IPV,Inactivated polio vaccine,YES
TKL,Tokelau,WPR,2013.0,JE,Japanese encephalitis vaccine,YES
TKL,Tokelau,WPR,2015.0,RCV1,"Rubella-containing vaccine, 1st dose",YES
TKM,Turkmenistan,EUR,,ROTA,Rotavirus vaccine,NO
TKM,Turkmenistan,EUR,2010.0,PCV,Pneumococcal conjugate vaccine,YES
TKM,Turkmenistan,EUR,2007.0,HPV,Human papillomavirus vaccine,YES
TKM,Turkmenistan,EUR,2012.0,HEPB_BD,Hepatitis B birth dose,YES
TKM,Turkmenistan,EUR,2020.0,IPV,Inactivated polio vaccine,YES
TKM,Turkmenistan,EUR,2002.0,RCV1,"Rubella-containing vaccine, 1st dose",YES
TLS,Timor-Leste,SEAR,2018.0,ROTA,Rotavirus vaccine,YES
TLS,Timor-Leste,SEAR,2023.0,PCV,Pneumococcal conjugate vaccine,YES
TLS,Timor-Leste,SEAR,2007.0,HPV,Human papillomavirus vaccine,YES
TLS,Timor-Leste,SEAR,2021.0,HEPB_BD,Hepatitis B birth dose,YES
TLS,Timor-Leste,SEAR,2006.0,IPV,Inactivated polio vaccine,YES
TLS,Timor-Leste,SEAR,2022.0,JE,Japanese encephalitis vaccine,YES
TLS,Timor-Leste,SEAR,2013.0,RCV1,"Rubella-containing vaccine, 1st dose",YES
TON,Tonga,WPR,,ROTA,Rotavirus vaccine,NO
TON,Tonga,WPR,2012.0,PCV,Pneumococcal conjugate vaccine,YES
TON,Tonga,WPR,2014.0,HPV,Human papillomavirus vaccine,YES
TON,Tonga,WPR,2009.0,HEPB_BD,Hepatitis B birth dose,YES
TON,Tonga,WPR,,IPV,Inactivated polio vaccine,NO
TON,Tonga,WPR,,JE,Japanese encephalitis vaccine,NO
TON,Tonga,WPR,2001.0,RCV1,"Rubella-containing vaccine, 1st dose",YES
TTO,Trinidad and Tobago,AMR,2014.0,ROTA,Rotavirus vaccine,YES
TTO,Trinidad and Tobago,AMR,2021.0,PCV,Pneumococcal conjugate vaccine,YES
TTO,Trinidad and Tobago,AMR,2021.0,HPV,Human papillomavirus vaccine,YES
TTO,Trinidad and Tobago,AMR,2004.0,HEPB_BD,Hepatitis B birth dose,YES
TTO,Trinidad and Tobago,AMR,,IPV,Inactivated polio vaccine,NO
TTO,Trinidad and Tobago,AMR,2023.0,YF,Yellow fever vaccine,YES
TTO,Trinidad and Tobago,AMR,2022.0,RCV1,"Rubella-containing vaccine, 1st dose",YES
TUN,Tunisia,EMR,2022.0,ROTA,Rotavirus vaccine,YES
TUN,Tunisia,EMR,2011.0,PCV,Pneumococcal conjugate vaccine,YES
TUN,Tunisia,EMR,2017.0,HPV,Human papillomavirus vaccine,YES
TUN,Tunisia,EMR,2001.0,HEPB_BD,Hepatitis B birth dose,YES
TUN,Tunisia,EMR,2008.0,IPV,Inactivated polio vaccine,YES
TUN,Tunisia,EMR,2000.0,RCV1,"Rubella-containing vaccine, 1st dose",YES
TUR,Türkiye,EUR,2005.0,ROTA,Rotavirus vaccine,YES
TUR,Türkiye,EUR,,PCV,Pneumococcal conjugate vaccine,NO
TUR,Türkiye,EUR,,HPV,Human papillomavirus vaccine,NO
TUR,Türkiye,EUR,2014.0,HEPB_BD,Hepatitis B birth dose,YES
TUR,Türkiye,EUR,2020.0,IPV,Inactivated polio vaccine,YES
TUR,Türkiye,EUR,2011.0,RCV1,"Rubella-containing vaccine, 1st dose",YES
TUV,Tuvalu,WPR,2004.0,ROTA,Rotavirus vaccine,YES
TUV,Tuvalu,WPR,2001.0,PCV,Pneumococcal conjugate vaccine,YES
TUV,Tuvalu,WPR,2003.0,HPV,Human papillomavirus vaccine,YES
TUV,Tuvalu,WPR,2009.0,HEPB_BD,Hepatitis B birth dose,YES
TUV,Tuvalu,WPR,,IPV,Inactivated polio vaccine,NO
TUV,Tuvalu,WPR,,JE,Japanese encephalitis vaccine,NO
TUV,Tuvalu,WPR,2014.0,RCV1,"Rubella-containing vaccine, 1st dose",YES
TZA,United Republic of Tanzania,AFR,2022.0,ROTA,Rotavirus vaccine,YES
TZA,United Republic of Tanzania,AFR,,PCV,Pneumococcal conjugate vaccine,NO
TZA,United Republic of Tanzania,AFR,,HPV,Human papillomavirus vaccine,NO
TZA,United Republic of Tanzania,AFR,2020.0,HEPB_BD,Hepatitis B birth dose,YES
TZA,United Republic of Tanzania,AFR,,IPV,Inactivated polio vaccine,NO
TZA,United Republic of Tanzania,AFR,,MENA,Meningococcal A conjugate vaccine,NO
TZA,United Republic of Tanzania,AFR,,YF,Yellow fever vaccine,NO
TZA,United Republic of Tanzania,AFR,2018.0,RCV1,"Rubella-containing vaccine, 1st dose",YES
UGA,Uganda,AFR,2001.0,ROTA,Rotavirus vaccine,YES
UGA,Uganda,AFR,2020.0,PCV,Pneumococcal conjugate vaccine,YES
UGA,Uganda,AFR,2011.0,HPV,Human papillomavirus vaccine,YES
UGA,Uganda,AFR,2010.0,HEPB_BD,Hepatitis B birth dose,YES
UGA,Uganda,AFR,2015.0,IPV,Inactivated polio vaccine,YES
UGA,Uganda,AFR,2017.0,MENA,Meningococcal A conjugate vaccine,YES
UGA,Uganda,AFR,,YF,Yellow fever vaccine,NO
UGA,Uganda,AFR,,RCV1,"Rubella-containing vaccine, 1st dose",NO
UKR,Ukraine,EUR,2017.0,ROTA,Rotavirus vaccine,YES
UKR,Ukraine,EUR,2012.0,PCV,Pneumococcal conjugate vaccine,YES
UKR,Ukraine,EUR,,HPV,Human papillomavirus vaccine,NO
UKR,Ukraine,EUR,,HEPB_BD,Hepatitis B birth dose,NO
UKR,Ukraine,EUR,2023.0,IPV,Inactivated polio vaccine,YES
UKR,Ukraine,EUR,2004.0,RCV1,"Rubella-containing vaccine, 1st dose",YES
URY,Uruguay,AMR,2014.0,ROTA,Rotavirus vaccine,YES
URY,Uruguay,AMR,,PCV,Pneumococcal conjugate vaccine,NO
URY,Uruguay,AMR,2022.0,HPV,Human papillomavirus vaccine,YES
URY,Uruguay,AMR,,HEPB_BD,Hepatitis B birth dose,NO
URY,Uruguay,AMR,2004.0,IPV,Inactivated polio vaccine,YES
URY,Uruguay,AMR,2020.0,YF,Yellow fever vaccine,YES
URY,Uruguay,AMR,2011.0,RCV1,"Rubella-containing vaccine, 1st dose",YES
USA,United States of America,AMR,2022.0,ROTA,Rotavirus vaccine,YES
USA,United States of America,AMR,2015.0,PCV,Pneumococcal conjugate vaccine,YES
USA,United States of America,AMR,2023.0,HPV,Human papillomavirus vaccine,YES
USA,United States of America,AMR,2016.0,HEPB_BD,Hepatitis B birth dose,YES
USA,United States of America,AMR,2016.0,IPV,Inactivated polio vaccine,YES
USA,United States of America,AMR,2009.0,YF,Yellow fever vaccine,YES
USA,United States of America,AMR,,RCV1,"Rubella-containing vaccine, 1st dose",NO
UZB,Uzbekistan,EUR,2011.0,ROTA,Rotavirus vaccine,YES
UZB,Uzbekistan,EUR,2000.0,PCV,Pneumococcal conjugate vaccine,YES
UZB,Uzbekistan,EUR,2020.0,HPV,Human papillomavirus vaccine,YES
UZB,Uzbekistan,EUR,,HEPB_BD,Hepatitis B birth dose,NO
UZB,Uzbekistan,EUR,2019.0,IPV,Inactivated polio vaccine,YES
UZB,Uzbekistan,EUR,2022.0,RCV1,"Rubella-containing vaccine, 1st dose",YES
VCT,Saint Vincent and the Grenadines,AMR,2008.0,ROTA,Rotavirus vaccine,YES
VCT,Saint Vincent and the Grenadines,AMR,2021.0,PCV,Pneumococcal conjugate vaccine,YES
VCT,Saint Vincent and the Grenadines,AMR,2006.0,HPV,Human papillomavirus vaccine,YES
VCT,Saint Vincent and the Grenadines,AMR,2003.0,HEPB_BD,Hepatitis B birth dose,YES
VCT,Saint Vincent and the Grenadines,AMR,2013.0,IPV,Inactivated polio vaccine,YES
VCT,Saint Vincent and the Grenadines,AMR,2006.0,YF,Yellow fever vaccine,YES
VCT,Saint Vincent and the Grenadines,AMR,2016.0,RCV1,"Rubella-containing vaccine, 1st dose",YES
VEN,Venezuela (Bolivarian Republic of),AMR,2009.0,ROTA,Rotavirus vaccine,YES
VEN,Venezuela (Bolivarian Republic of),AMR,2010.0,PCV,Pneumococcal conjugate vaccine,YES
VEN,Venezuela (Bolivarian Republic of),AMR,2000.0,HPV,Human papillomavirus vaccine,YES
VEN,Venezuela (Bolivarian Republic of),AMR,2007.0,HEPB_BD,Hepatitis B birth dose,YES
VEN,Venezuela (Bolivarian Republic of),AMR,2015.0,IPV,Inactivated polio vaccine,YES
VEN,Venezuela (Bolivarian Republic of),AMR,2010.0,YF,Yellow fever vaccine,YES
VEN,Venezuela (Bolivarian Republic of),AMR,2005.0,RCV1,"Rubella-containing vaccine, 1st dose",YES
VGB,British Virgin Islands,AMR,2018.0,ROTA,Rotavirus vaccine,YES
VGB,British Virgin Islands,AMR,2019.0,PCV,Pneumococcal conjugate vaccine,YES
VGB,British Virgin Islands,AMR,2004.0,HPV,Human papillomavirus vaccine,YES
VGB,British Virgin Islands,AMR,2014.0,HEPB_BD,Hepatitis B birth dose,YES
VGB,British Virgin Islands,AMR,2018.0,IPV,Inactivated polio vaccine,YES
VGB,British Virgin Islands,AMR,2008.0,YF,Yellow fever vaccine,YES
VGB,British Virgin Islands,AMR,2002.0,RCV1,"Rubella-containing vaccine, 1st dose",YES
VIR,Virgin Islands (USA),AMR,,ROTA,Rotavirus vaccine,NO
VIR,Virgin Islands (USA),AMR,2018.0,PCV,Pneumococcal conjugate vaccine,YES
VIR,Virgin Islands (USA),AMR,2005.0,HPV,Human papillomavirus vaccine,YES
VIR,Virgin Islands (USA),AMR,2018.0,HEPB_BD,Hepatitis B birth dose,YES
VIR,Virgin Islands (USA),AMR,,IPV,Inactivated polio vaccine,NO
VIR,Virgin Islands (USA),AMR,2006.0,YF,Yellow fever vaccine,YES
VIR,Virgin Islands (USA),AMR,,RCV1,"Rubella-containing vaccine, 1st dose",NO
VNM,Viet Nam,WPR,2022.0,ROTA,Rotavirus vaccine,YES
VNM,Viet Nam,WPR,2023.0,PCV,Pneumococcal conjugate vaccine,YES
VNM,Viet Nam,WPR,2013.0,HPV,Human papillomavirus vaccine,YES
VNM,Viet Nam,WPR,2002.0,HEPB_BD,Hepatitis B birth dose,YES
VNM,Viet Nam,WPR,2023.0,IPV,Inactivated polio vaccine,YES
VNM,Viet Nam,WPR,2002.0,JE,Japanese encephalitis vaccine,YES
VNM,Viet Nam,WPR,2020.0,RCV1,"Rubella-containing vaccine, 1st dose",YES
VUT,Vanuatu,WPR,2003.0,ROTA,Rotavirus vaccine,YES
VUT,Vanuatu,WPR,2023.0,PCV,Pneumococcal conjugate vaccine,YES
VUT,Vanuatu,WPR,2004.0,HPV,Human papillomavirus vaccine,YES
VUT,Vanuatu,WPR,,HEPB_BD,Hepatitis B birth dose,NO
VUT,Vanuatu,WPR,2001.0,IPV,Inactivated polio vaccine,YES
VUT,Vanuatu,WPR,2001.0,JE,Japanese encephalitis vaccine,YES
VUT,Vanuatu,WPR,2002.0,RCV1,"Rubella-containing vaccine, 1st dose",YES
WLF,Wallis and Futuna Islands,WPR,,ROTA,Rotavirus vaccine,NO
WLF,Wallis and Futuna Islands,WPR,2023.0,PCV,Pneumococcal conjugate vaccine,YES
WLF,Wallis and Futuna Islands,WPR,2023.0,HPV,Human papillomavirus vaccine,YES
WLF,Wallis and Futuna Islands,WPR,2017.0,HEPB_BD,Hepatitis B birth dose,YES
WLF,Wallis and Futuna Islands,WPR,2020.0,IPV,Inactivated polio vaccine,YES
WLF,Wallis and Futuna Islands,WPR,2009.0,JE,Japanese encephalitis vaccine,YES
WLF,Wallis and Futuna Islands,WPR,2020.0,RCV1,"Rubella-containing vaccine, 1st dose",YES
WSM,Samoa,WPR,2021.0,ROTA,Rotavirus vaccine,YES
WSM,Samoa,WPR,2023.0,PCV,Pneumococcal conjugate vaccine,YES
WSM,Samoa,WPR,2004.0,HPV,Human papillomavirus vaccine,YES
WSM,Samoa,WPR,2000.0,HEPB_BD,Hepatitis B birth dose,YES
WSM,Samoa,WPR,2017.0,IPV,Inactivated polio vaccine,YES
WSM,Samoa,WPR,2016.0,JE,Japanese encephalitis vaccine,YES
WSM,Samoa,WPR,2008.0,RCV1,"Rubella-containing vaccine, 1st dose",YES
YEM,Yemen,EMR,2006.0,ROTA,Rotavirus vaccine,YES
YEM,Yemen,EMR,2007.0,PCV,Pneumococcal conjugate vaccine,YES
YEM,Yemen,EMR,2017.0,HPV,Human papillomavirus vaccine,YES
YEM,Yemen,EMR,2002.0,HEPB_BD,Hepatitis B birth dose,YES
YEM,Yemen,EMR,2020.0,IPV,Inactivated polio vaccine,YES
YEM,Yemen,EMR,2001.0,RCV1,"Rubella-containing vaccine, 1st dose",YES
ZAF,South Africa,AFR,2021.0,ROTA,Rotavirus vaccine,YES
ZAF,South Africa,AFR,2013.0,PCV,Pneumococcal conjugate vaccine,YES
ZAF,South Africa,AFR,2011.0,HPV,Human papillomavirus vaccine,YES
ZAF,South Africa,AFR,2016.0,HEPB_BD,Hepatitis B birth dose,YES
ZAF,South Africa,AFR,2017.0,IPV,Inactivated polio vaccine,YES
ZAF,South Africa,AFR,,MENA,Meningococcal A conjugate vaccine,NO
ZAF,South Africa,AFR,,YF,Yellow fever vaccine,NO
ZAF,South Africa,AFR,2003.0,RCV1,"Rubella-containing vaccine, 1st dose",YES
ZMB,Zambia,AFR,2017.0,ROTA,Rotavirus vaccine,YES
ZMB,Zambia,AFR,,PCV,Pneumococcal conjugate vaccine,NO
ZMB,Zambia,AFR,2012.0,HPV,Human papillomavirus vaccine,YES
ZMB,Zambia,AFR,2003.0,HEPB_BD,Hepatitis B birth dose,YES
ZMB,Zambia,AFR,2018.0,IPV,Inactivated polio vaccine,YES
ZMB,Zambia,AFR,2004.0,MENA,Meningococcal A conjugate vaccine,YES
ZMB,Zambia,AFR,2001.0,YF,Yellow fever vaccine,YES
ZMB,Zambia,AFR,2022.0,RCV1,"Rubella-containing vaccine, 1st dose",YES
ZWE,Zimbabwe,AFR,2022.0,ROTA,Rotavirus vaccine,YES
ZWE,Zimbabwe,AFR,2002.0,PCV,Pneumococcal conjugate vaccine,YES
ZWE,Zimbabwe,AFR,2019.0,HPV,Human papillomavirus vaccine,YES
ZWE,Zimbabwe,AFR,2000.0,HEPB_BD,Hepatitis B birth dose,YES
ZWE,Zimbabwe,AFR,2021.0,IPV,Inactivated polio vaccine,YES
ZWE,Zimbabwe,AFR,2009.0,MENA,Meningococcal A conjugate vaccine,YES
ZWE,Zimbabwe,AFR,2008.0,YF,Yellow fever vaccine,YES
ZWE,Zimbabwe,AFR,2007.0,RCV1,"Rubella-containing vaccine, 1st dose",YES
